團,LGJF
圞,LXYS
土,FFFF
圜,LLGE
園,LFKE
圓,|||||
圖,LKFK
圊,LGED
國,|||||
圈,LUDB
圉,LFUF
圌,LMDJ
圍,LNHH
圃,LGEY
圆,LKMI
圇,LWGA
圄,LGKD
圅,CLUF
场,FNRT
圻,FRH
镔,QPRW
圹,FYT
圾,FEYY
圳,FKH
地,FBN
圪,FTNN
在,DHFD
圩,FGFH
圮,FNN
圯,FNN
圬,FFNN
圭,FFF
圣,CFF
棰,STGF
棱,SFWT
棲,SGVV
亂,ECMN
棵,SJSY
棶,SSWW
了,BNH
争,QVHJ
予,CBJ
棺,SPNN
棻,AWVS
棼,SSWV
二,FGG
亏,FNV
于,|||||
云,FCU
亓,FJJ
互,GXGD
井,FJK
五,|||||
棧,SAAT
亙,GHNG
亘,GJGF
些,HXFF
亚,GOGD
棬,SUDB
亜,GKJG
亟,BKCG
棯,SWYN
亡,YNV
棑,SDJD
棒,SDWH
棓,SUKG
亥,YNTW
棕,SPFI
产,UTE
棗,GMII
棘,GMII
亨,YBJ
享,YBF
亭,YPSJ
京,YIU
亮,YPMB
检,SWGI
棁,SUKQ
棂,SVOY
亲,USU
棄,YCAS
亷,UTVO
亶,YLKG
亹,YWFG
棉,SRMH
人,WWWW
棍,SJXX
亿,WNN
浒,IYTF
酿,SGYE
浑,IPLH
酱,UQSG
毽,TFNP
酵,SGFB
浛,IWYK
酶,SGTU
浆,UQIU
浅,|||||
酬,SGYH
酮,SGMK
济,IYJH
浍,IWFC
浊,IJY
测,|||||
酧,SGPF
酗,SGQB
酉,SGD
棹,SHJH
事,GKVH
酌,SGQY
蓂,APJU
蓀,ABTI
蓁,ADWT
蓆,AYAH
蓇,AMEF
蓄,AYXL
蓊,AWCN
蓋,AFCL
蓈,AYVB
蓉,APWK
蓍,AFTJ
蓓,AWUK
蓐,ADFF
蓑,AYKE
蓖,ATLX
蓟,AQGJ
蓝,AJTL
蓣,ACBM
蓠,AYBC
蓦,AJDC
蓤,AUFT
蓥,APQF
蓮,ALPU
蓯,ATWH
蓬,ATDP
蓳,|||||
蓰,ATHH
棣,SVIY
蓴,AGJF
浩,ITFK
蓿,APWJ
蓼,ANWE
蓽,AJAF
有,DEF
月,|||||
朋,EEG
朊,EFQN
服,EBCY
最,JBCU
會,WGLJ
望,YNEG
朝,FJEG
期,ADWE
朐,|||||
朕,|||||
棪,SOOY
朗,YVCE
木,SSSS
末,GSI
未,FII
札,SNN
本,SGD
术,SYI
朮,FQYI
亝,CCCF
朢,AHNG
朧,EUED
朦,EAPE
朹,SVN
机,SMN
朽,SGNN
森,SSSU
朱,RII
朳,SWY
亞,GHGG
朵,MSU
朴,SHY
朶,ESU
亢,YMB
交,UQU
棖,SDEY
亦,|||||
亩,YLF
棚,SEEG
砼,DWAG
砾,DQIY
砸,DAMH
砹,DAQY
砺,DDDN
砻,DXDF
破,DHCY
砵,DSGG
砷,DJHH
砰,DGUH
砬,DUG
砭,DTPY
砩,DXJH
砤,DTBN
砥,DQAY
砦,HXDF
棟,SGJI
砣,DPXN
砜,DMQY
砝,DFCY
砟,|||||
砘,DGBN
砚,DMQN
研,DGAH
砖,DFNY
砗,DLH
亳,YPTA
砒,DXXN
砌,DAVN
砍,DQWY
棃,TQTS
砉,DHDF
亵,YRVE
砀,|||||
码,DCG
砂,DITT
髲,DEHC
髰,DEAN
髻,DEFK
髹,DEWS
髽,DEWF
髡,DEGQ
髠,DEMB
髦,DETN
髥,DEMF
亸,YBUF
髫,DEVK
髨,DEFQ
髯,DEMF
髭,DEHX
递,UXHP
髓,|||||
髒,MEAA
髑,MELJ
棋,SADW
髖,MEPY
髕,MEPM
髙,YJFK
高,YMKF
髟,DET
髃,MEJY
髂,MEPK
髁,MEJS
髀,MERF
髅,MEOV
髋,MEPQ
髊,MEUA
髈,MEUY
髏,MEKV
髎,MENE
髌,MEPW
巋,MWNH
巉,MQKY
巍,MTVC
巀,MIWA
巇,MHAA
巅,MFHM
巛,VNNN
州,YTYH
川,|||||
巓,MXHM
巒,XYXM
巗,|||||
巖,|||||
巫,AWWI
巩,AMYY
巨,AND
巯,CAYQ
差,UDAF
巢,VJSU
巡,VPV
巧,AGNN
左,DAF
工,AAAA
巻,UDNB
巾,MHK
巽,NNAW
巳,NNGN
已,|||||
己,NNGN
巰,GVAQ
巷,AWNB
巵,RGCV
巴,CNHN
燕,AUKO
燔,OTOL
燐,OOQH
燒,|||||
燜,OUNY
營,OOPK
燙,IJGO
燚,OOOO
燄,QVOO
燁,OAGF
燀,OKKF
燃,|||||
逖,QTOP
燎,ODUI
燉,OYBT
燈,OWGU
燊,OOOS
燴,OWGJ
燼,OVHL
燿,ONWY
燾,FNAO
燹,EEOU
燥,OKKS
燧,OUEP
燦,OHQO
燠,OTMD
燭,OLQJ
燮,OYOC
燨,OUGT
齑,YDJJ
斬,LRH
逕,GVAP
斡,FJWF
齇,THLG
這,YPD
逞,KGPD
齲,HWWY
斉,YJFF
齶,HWWN
文,YYGY
閆,UDD
門,UHNG
訶,YSKG
閂,UGD
閃,UWI
註,|||||
診,YWET
閎,UDCI
閏,UGD
訾,HXYF
開,|||||
訣,YNWY
訢,YRH
閑,USI
閒,UED
訪,YYN
訩,YQBH
閟,UNTE
閘,ULK
閙,UYMH
訓,YKH
閥,UWAE
訑,YBN
訐,YFH
訖,YTNN
関,UUDI
閣,UTKD
閬,UYVE
閭,UKKD
記,YNN
訟,YWCY
閩,UJI
訝,YAHT
閫,|||||
閴,UMI
訂,YSH
閶,|||||
言,YYYY
訇,QYD
閲,UUKQ
閼,UYWU
閽,UQAJ
閾,|||||
計,YFH
訏,YGFH
閹,UDJN
訌,YAG
齩,HWWQ
欺,ADWW
斒,YYNA
蕆,ADMT
蕀,AGMI
蕁,|||||
蕃,ATOL
蕎,ATDK
蕈,ASJJ
蕉,AWYO
蕊,ANNN
蕋,AHHH
蕕,AQTG
蕖,AIAS
蕗,AKHK
蕒,ALMU
蕞,AJBC
蕘,AFFQ
蕙,AGJN
蕚,AKKN
蕤,AETG
蕧,ATTT
蕡,AFAM
蕢,AKHM
蕭,AVHH
蕨,ADUW
蕩,AIJR
蕪,|||||
蕫,AUJF
蕴,AXJL
蕷,ACBM
蕰,AIJL
蕱,ATIE
蕲,AUJR
蕾,AFLF
蕿,AOEC
蕸,ANHP
蕹,AYXY
蕺,AKBT
蕻,ADAW
嚙,KHWB
颉,FKDM
嚕,KQOJ
嚐,KIPJ
慤,FPMN
嚓,KPWI
嚌,KYVF
嚎,KYPE
嚏,KFPH
嚅,KFDJ
嚆,KAYK
嚇,|||||
嚀,KPNS
邁,AJMP
颍,XIDM
嚼,KELF
嚻,KKDK
嚴,KKDT
嚶,KMMV
嚷,KYKE
嚳,WFQK
颀,RDMY
嚯,KFWY
嚨,|||||
嚪,KUQV
嚦,KDTH
嚢,GKHE
嚣,KKDK
桺,SGAN
预,CBDM
桶,SCEH
桷,SQEH
桴,|||||
颅,HNDM
桫,SIIT
桨,UQSU
桩,SYFG
桮,SGIK
慨,NVCQ
桢,SHMY
档,SIVG
桠,SGOG
桡,SATQ
桦,SWXF
桧,SWFC
桤,SMNN
桥,STDJ
题,JGHM
桝,SQAH
桓,SGJG
桐,SMGK
桑,CCCS
慴,NNRG
桔,SFKG
桕,SVG
桊,UDSU
案,PVSU
颛,MDMM
桎,SGCF
桌,HJSU
桂,SFFG
桃,SIQN
桀,QAHS
桁,STFH
框,SAGG
桄,SIQN
慳,NAHF
慰,NFIN
慾,WWKN
挤,RYJH
驵,CEGG
驴,|||||
驷,CLG
驶,CKQY
驱,CAQY
驰,CBN
驳,CQQY
碁,ADWD
驽,VCCF
驼,CPXN
碌,DVIY
碍,DJGF
驹,CQKG
驸,CWFY
驻,CYGG
碉,DMFK
驥,CUXW
驤,CYKE
碓,DWYG
碑,DRTF
驭,CCY
马,CNNG
驯,CKH
驮,CDY
驩,CAKY
碛,DGMY
驫,CCCU
驪,|||||
驕,CTDK
碧,GRDF
驗,|||||
碥,DYNA
碣,DJQN
碡,DGXU
驟,CBCI
碭,DJGR
碪,DADN
驘,YNKY
驛,CLFF
驚,AQKC
驅,CAKK
颠,FHWM
碴,|||||
驁,GQTC
碳,DMDO
驃,CSFI
驂,CCCE
驍,|||||
碼,DCY
驎,COQH
確,DPWY
碻,DYMK
碸,DMTJ
驊,CAGF
钉,QSH
颤,YLKM
颥,FDMM
颦,HIDF
慉,NYXL
慘,NCCE
悒,NKCN
轧,LNN
悗,NQKQ
悖,NFPB
悔,NTXU
悛,NCWT
悚,NGKI
悟,NGKG
跬,KHFF
悝,NJFG
悃,NLSY
抚,RFQN
悄,NIEG
跪,KHQB
悉,TONU
悍,NJFH
悌,NUXT
悲,DJDN
悱,NDJD
悶,UNI
悵,|||||
悴,NYWF
悻,NFUF
悸,NTBG
悼,NHJH
患,KKHN
悠,WHTN
悦,NUKQ
悤,TLQN
悫,FPMN
您,WQIN
悯,NUYY
悭,NJCF
悬,EGCN
跥,KHES
闊,UITD
跡,KHYO
闔,UFCL
锎,QUGA
锏,QUJG
锌,QUH
锍,QYCQ
锊,QEFY
誰,YWYG
锈,QTEN
锉,QWWF
锆,QTFK
誼,YPEG
锄,QEGL
锅,QKMW
誹,|||||
锃,QKGG
销,QIEG
锁,QIMY
誥,YTFK
锟,QJXX
锜,QDSK
誦,YCEH
誡,YAAH
锛,QDFA
锘,QADK
错,QAJG
読,YFPQ
説,YUKQ
锔,QNNK
锕,QBSK
锒,QYVE
锓,QVPC
锐,QUKQ
锑,|||||
键,QVFP
锯,QNDG
锬,QOOY
關,UXXG
锪,QQRN
锫,QUKG
锨,QRQW
誒,YCTD
锦,QRMH
锤,QTGF
語,YGKG
锢,QLDG
锣,QLQY
锠,QJJG
跳,KHIQ
锾,QEFC
锿,QYEY
锼,QVHC
誆,YAGG
锺,QTGF
锻,QWDC
锸,QTFV
锹,QTOY
锶,QLNY
锷,QKKN
锴,QXXR
锵,|||||
锲,QDHD
锰,QBLG
誊,UDYF
闥,UFUP
铴,QINR
跆,KHCK
鄭,USGB
跄,KHWB
嵌,MAFW
嵋,MNHG
嵊,MTUX
嵇,TDNM
跃,KHTD
嵝,MOVG
嵘,MAPS
嵛,MWGJ
嵚,MQQW
嵗,MDGT
嵖,MSJG
嵐,MMTJ
闷,UNI
嵯,MUDA
嵩,MYMK
嵫,MUXX
闶,UYMV
嵠,MEXD
溆,IWTC
间,UJD
溅,IMGT
闳,UDCI
闲,USI
灞,IFAE
灝,IJYM
灘,IAKY
灕,IYBY
灔,IMAC
灑,IGMX
灏,IJYM
闿,UMNV
灌,IAKY
灋,IYNC
跗,KHWF
灄,IBBB
灃,IDHU
灂,IELF
灿,OMH
灾,POU
災,VOU
灼,OQYY
溽,IDFF
灸,QYOU
灶,OFG
灵,VOU
溼,IGXF
灰,|||||
灯,OSH
灭,GOI
火,OOOO
跐,KHHX
灨,IUJM
抖,RUFH
闸,ULK
灣,IXYX
溱,IDWT
嘧,KPNM
嘤,KMMV
嘢,KJFB
嘣,KMEE
嘮,KOOL
鄒,|||||
嘬,KJBC
嘭,KFKE
嘨,KVOJ
嘩,KAGF
嘶,KADR
嘴,KHXE
嘵,KFFQ
嘲,KFJE
嘰,KXXT
嘱,KNTY
嘿,KLFO
嘻,KFKK
嘹,KDUI
嘆,KAKW
嘀,KUMD
發,WXMC
嘎,KDHA
嘏,DNHC
嘌,KSFI
嘍,KKGV
嘈,KGMJ
嘉,FKUK
嘖,KGMY
嘗,IPKJ
嘔,KAKK
嘓,KLAG
嘑,KHAH
嘞,KAFL
嘟,KFTB
嘜,KSWT
嘛,KYSS
嘘,KHAG
槼,FWHS
槽,SGMJ
槿,SAKG
槻,SFWQ
饮,QNQW
槱,SSGO
槲,SQEF
槳,NHDS
槭,SDHT
槨,SYBB
槩,RXAS
槧,LRSU
槠,SYFJ
槟,SPRW
様,SUGI
槙,SFHW
槛,SJTL
鄂,KKFB
槐,SRQC
槑,KSKS
槓,SAMY
槌,SWNP
槍,SWYK
槎,SUDA
槈,SDFF
溥,IGEF
槊,UBTS
構,SFJF
槀,YMKS
槁,SYMK
槃,TEMS
釤,QET
癸,WGDU
暂,LRJF
塚 塚,|||||
铩,QQSY
橕,SIPT
猛,QTBL
藎,AVHL
藏,ADNT
藍,AAHL
藊,ATYA
藋,ANWY
藈,AHWD
藉,ADIJ
藄,AADI
藁,AYMS
藟,ALLL
藜,ATQI
藝,AFWC
蚜,JAHT
藕,ADIY
藓,AQGD
藐,AEEQ
藭,APWX
藪,AKGT
藨,AYNO
藩,AITL
藦,AYSR
藤,AEUI
藥,AXRS
藠,ARRR
藿,AFWY
藺,AUWY
藻,AIKS
藹,AYJN
藶,ADTH
藷,AYFJ
怕,NRG
怔,NGHG
怖,NDMH
怒,VCNU
思,LNU
怜,NWYC
怙,NDG
怛,NJGG
怅,NTAY
怄,NAQY
怆,NWBN
态,DYNU
怀,NGIY
怃,NFQN
怂,WWNU
怍,NTHF
怏,NMDY
怎,THFN
怊,|||||
怵,NSYY
怱,QRYN
怳,NKQN
怼,CFNU
怿,NCFH
总,UKNU
怺,NYNI
急,QVNU
性,NTGG
怦,NGUH
怡,NCKG
怠,CKNU
怯,NFCY
怩,NNXN
怨,QBNU
怫,NXJH
怪,NCFG
仄,|||||
饢,WYVE
仃,WSH
鯿,QOYA
鯽,QOVB
笋,TVTR
笏,TQRR
鯶,QOPL
鯵,QOCE
笃,TCF
笄,TGAJ
笆,TCB
鯰,|||||
笙,TTGF
笛,TMF
鯫,QOBC
鯪,QOFT
笞,TCKF
鯨,QOYI
鯧,QOJJ
笑,TTDU
鯤,|||||
笔,TTFN
鯢,QOVQ
鯡,QODD
笨,TSGF
笪,TJGF
帽,MHJH
鯛,QOMK
笮,TTHF
笠,TUF
鯖,QOGE
鯔,QOVL
笤,TVKF
笥,TNGK
符,TWFU
笸,TAKF
笹,TANB
笺,TGR
笼,TDXB
鯊,IITO
鯉,QOJF
鯇,QOPQ
笱,TQKF
笳,TLKF
鯁,QOGQ
鯀,QOTI
峒,MMGK
峙,MFFY
峄,MCFH
峁,MQTB
峋,MQJG
島,WVGM
峴,MHQN
峰,MTDH
峽,MDWW
峻,MCWT
峦,YOMJ
峥,MQVH
峤,MTDJ
峡,MGUW
峯,MTDH
峭,MIEG
峬,MGEY
峪,MWWK
峩,MTRT
峨,MTRT
烤,OFTN
烧,OATQ
烦,ODMY
烩,OWFC
烨,OWXF
烫,INRO
热,RVYO
烬,ONYU
烯,OQDH
烱,OMWK
烴,OGVA
烷,OPFQ
烹,YBOU
烺,OYVE
烽,OTDH
烁,OQIY
烀,OTUH
烃,OCAG
烂,OUFG
烈,GQJO
烊,OUDH
烏,WNGO
烖,FAOI
烙,OTKG
烘,OAWY
烛,OJY
烜,OGJG
烟,OLDY
錆,QGEG
靓,GEMQ
朔,UBTE
錇,QUKG
饧,QNNR
謿,YFJE
謾,YJLC
銓,QWGG
銕,QGXW
銖,QRIY
謷,GQTY
銚,QIQN
謳,YAKK
銀,QVEY
銃,QYCQ
謫,YUMD
銅,QMGK
謨,YAJD
謦,FNMY
銎,AMYQ
銱,QKMH
謝,YTMF
講,YFJF
謚,YUWL
謙,YUVO
銷,QIEG
謗,YUPY
銹,QTEN
謔,YHAG
銼,QWWF
銾,QAIY
謐,YNTL
銠,QFTX
謎,YOPY
謌,YSKK
銥,QYEY
銦,QLDY
謇,PFJY
銩,QTFC
謅,YQBT
謄,EUDY
銬,QFTN
謂,YLEG
謁,YJQN
謀,YAFS
憊,WATN
楂,SSJG
楊,SJGR
楗,SVFP
楔,SDHD
楓,|||||
楞,SLYN
楝,SGLI
楚,SSNH
楙,SCBS
楦,SPGG
楤,SQRN
楥,SEFC
楣,SNHG
楠,SFMF
楮,SFTJ
業,OGUW
非,|||||
楨,SHMY
楷,SXXR
極,SBKG
楳,SAFS
楱,SDWD
楼,|||||
楸,STOY
楹,SECL
艑,TEYA
艖,TEUA
艘,TEVC
艙,TEWK
艚,TEGJ
艟,TEUF
艄,TEIE
艇,TETP
艉,TENN
艋,TEBL
艏,TEUH
艰,CVEY
艱,AKFE
色,QCB
艳,DHQC
艴,XJQC
艷,DHDC
艸,BTBH
艹,AGHH
艺,ANB
艻,ALB
艽,AVB
艾,|||||
艿,AEB
艢,TEFK
艣,TEHL
艤,TEUT
艦,TEAL
艨,TEAE
艪,TEQJ
艫,TEHL
艮,VEI
良,YVEI
喪,FKKE
喫,KDHD
喬,TDKK
單,KKJF
喦,KKKM
喧,KPGG
喹,KDFF
喻,KWGJ
喽,KOVG
喾,IPTK
喿,KKKS
喱,KDJF
喲,KXQY
喳,KSJG
喵,KALG
喷,KFAM
喈,KXXR
喉,KWND
喊,KDGT
喋,KANS
喏,KADK
喀,KPTK
喁,KJMY
喂,KLGE
喃,KFMF
善,UDUK
喆,FKFK
喇,KGKJ
喘,KMDJ
喙,KXEY
喜,FKUK
喝,KJQN
喟,KLEG
喑,KUJG
喒,KTHJ
喔,KNGF
鼂,JGMV
宁,PSJ
它,PXB
宄,PVB
宅,PTAB
宇,PGFJ
守,PFU
安,PVF
宋,PSU
完,PFQB
宏,PDCU
宑,PFJJ
宓,|||||
宕,PDF
宗,PFIU
官,PNHN
宙,PMF
定,PGHU
宛,PQBB
宜,PEGF
宝,PGYU
实,PUDU
宠,PDXB
审,PJHJ
客,PTKF
宣,PGJG
室,PGCF
宥,PDEF
垒,CCCF
宪,PTFQ
宫,PKKF
宬,PDNT
宮,PKTK
宰,PUJ
害,PDHK
宴,PJVF
宵,PIEF
家,PEU
宸,PDFE
容,PWWK
宼,PFQV
宽,PAMQ
宾,PRGW
宿,PWDJ
箓,TVIU
箐,TGEF
算,THAJ
箔,TIRF
箕,TADW
箜,TPWA
箝,TRAF
简,TUJF
箇,TLDF
箄,TRTF
箅,TLGJ
箋,TAAR
箎,THAM
箍,TRAH
箲,TITQ
箱,TSHF
箴,TDGT
箸,TFTJ
箢,TPQB
箣,TGMJ
箠,TTGF
管,TPNN
箦,TGMU
箧,TAGW
箪,TUJF
箫,TVIJ
箨,TRCH
箩,TLQU
箯,TWGQ
箬,TADK
箭,TUEJ
砧,DHKG
隻 雙,|||||
乃,ETN
鼋,FQKN
繰,XKKS
砑,DAHT
詣,YXJG
魁,RQCF
憞,NYBT
魃,RQCC
憜,NBDE
魅,RQCI
憚,NKKF
魇,DDRC
魉,RQCW
魈,RQCE
憔,NWYO
魍,RQCN
憒,NKHM
憑,UCNU
憐,NOQH
魑,RQCC
憎,NULJ
憍,NTDK
憋,UMIN
魔,YSSC
憇,TDAN
魘,DJEC
憃,DWVN
憂,|||||
魟,QOAG
憾,NDGN
憺,NQDY
憹,NMAE
憷,NSSH
憶,|||||
魬,QORC
魯,QOJF
魮,QOXX
憯,NAQJ
憬,NJYI
憫,NUYY
魴,QOYN
魷,QODN
憨,NBTN
憧,NUJF
憤,NFAM
魿,QOWC
繒,XULJ
鈞,QQUG
垂,TGAF
鈐,QWYN
鈑,QRCY
鈔,QITT
鈕,QNFG
鈈,QGIY
鈉,QMWY
鈎,QQCY
鈍,|||||
鈀,QCN
鈁,QYN
鈆,QWCY
鈄,QUFH
鈺,QGYY
鈸,QDCY
鈹,QHCY
鈾,QMG
鈿,|||||
媽,VCY
鈳,QSKG
鈷,QDG
鈴,QWYC
鈮,QNXN
鈣,QGHN
鈡,QKHH
鈦,QDYY
鈧,QYMN
鈥,QOY
讁,YUMP
讀,YFLM
變,XYXT
讌,YAUO
讎,WYYY
讐,WYWY
讓,YYKE
讒,YQKY
讕,YUGI
讛,YAFC
讜,YIPO
讞,YHAD
垅,FDXN
讣,YHY
订,YSH
讥,YMN
认,YWY
讧,YAG
讦,YFH
让,YHG
讨,YFY
讫,YTNN
讪,YMH
训,YKH
讯,YNFH
议,YYQY
讱,YVYY
记,YNN
讳,YFNH
讲,YFJH
讵,YANG
讴,YAQY
讷,YMWY
讶,YAHT
讹,YWXN
许,YTFH
讻,YQBH
论,YWXN
讽,YMQY
讼,YWCY
访,YYN
设,YMCY
屙,NBSK
屜,NTAN
屟,NANS
属,NTKY
屑,NIED
屐,NTFC
展,NAEI
屉,NANV
屈,NBMK
屋,NGCF
窝,PWKW
屌,NKMH
屏,NUAK
屎,NOI
屁,NXXV
局,NNKD
层,NFCI
居,NDD
屄,NPWI
屹,MTNN
屺,MNN
屿,MGNG
山,MMMM
屨,NTKV
屬,NILJ
屯,GBNV
屡,NOVD
屠,NFTJ
屣,NTHH
履,NTTT
層,NULJ
屦,NTOV
獫,QTWW
獪,QTWJ
獨,QTLJ
獯,QTTO
獭,QTGM
獬,QTQH
獠,QTDI
獧,QTLE
獻,HAGD
獺,QTGM
獸,|||||
獿,QTDT
獾,QTAY
獼,QTXQ
獲,QTAC
獰,|||||
獷,QTYW
獵,QTVN
獴,QTAE
獎,NHDD
獍,QTUQ
獃,MGKD
獁,QTCY
獆,QTRF
獅,|||||
獄,QTYD
獚,QTAW
獒,GQTD
獐,QTUJ
獗,QTDW
唳,|||||
唰,KNMJ
唱,KJJG
唷,KYCE
唵,KDJN
唾,KTGF
唿,KQRN
唼,KUVG
唢,KIMY
唣,KRAN
唠,KAPL
唧,KVCB
唤,KQMD
唪,KDWH
唫,KQG
售,WYKF
唯,KWYG
唬,KHAM
唓,KLH
唐,YVHK
唑,KWWF
磁,DUXX
斂,WGKT
唚,KVPC
唛,KGTY
唘,DCKF
唁,KYG
唆,KCWT
唇,DFEK
唄,KMY
唉,KCTD
唏,KQDH
絃,XYXY
終,XTUY
絀,XBMH
絆,XUFH
組,XEGG
絏,XJXT
絎,XTFH
結,XFKG
絛,WHTI
絞,XUQY
絝,XDFN
絜,DHVI
絣,XUAH
絢,XQJG
給,|||||
絨,XADT
絮,VKXI
絳,XTAH
絲,XXIY
統,XYCQ
絷,RVYI
絶,XQCN
絵,XWFC
絺,XQDH
絹,XKEG
絸,XHQN
磅,DUPY
蔚,ANFF
闝,UMTI
櫈,SWGM
櫂,SNWY
櫃,SAKM
櫛,STVB
櫝,SFLM
櫞,SXXE
櫟,SXRS
櫓,SQOJ
櫨,SHAL
櫪,SDTH
櫬,SUSQ
櫧,SYFJ
櫸,SWFH
櫺,SFKK
櫻,SMMV
櫱,BTWS
櫳,SUED
苛,ASKF
苘,AMKF
苙,AUF
苞,AQNB
苟,AQKF
苜,AHF
苒,|||||
苓,AWYC
苑,AQBB
苗,ALF
苔,ACKF
苕,AVKF
苊,ADBB
苋,AMQB
苈,ADLB
苎,APGF
苏,ALWU
苌,ATAY
苍,AWBB
苁,AWWU
苇,AFNH
苄,AYHU
苻,AWFU
苹,AGUH
苾,ANTR
苽,ARCY
苳,ATUU
英,AMDU
苷,AAFF
苴,AEGF
苫,AHKF
苨,ANXB
苯,ASGF
苣,AANF
苠,ANAB
苡,|||||
苦,ADF
苧,APSJ
苤,AGIG
若,|||||
愠,NJLG
愣,NLYN
飈,MTJO
飏,MQNR
愤,NFAM
愧,NRQC
愦,NKHM
飃,MTJI
愨,FPGN
愫,NGXI
愬,UBTN
飄,SFIJ
飛,NUTH
飚,MQOO
飙,DDDQ
飘,SFIQ
食,WYVE
飞,NUI
愷,|||||
飜,TOLH
飓,MQHW
飒,UMQY
飑,MQQN
飕,MQVC
愾,NRNO
愁,TONU
飪,WYVF
飩,WYVN
飨,XTWE
飯,WYVC
飮,WYVW
飭,WYVL
愆,TIFN
愉,NWGJ
飢,WYVM
愊,NGKL
飧,QWYE
意,UJNU
愎,NTJT
愓,NJGR
愒,NJQN
愕,NKKN
飾,WYVH
飽,WYVN
飼,WYVK
愙,PTKN
飲,WYVW
飱,GQWE
愚,JMHN
愜,NADW
感,DGKN
飴,|||||
嬋,VKKF
嬈,VFFQ
嬉,VFKK
嬌,VTDK
嬀,VETO
嬅,VAGF
嬛,VLGE
拦,RUFG
嬖,NKUV
嬗,VYLG
嬪,VPGM
嬭,VGWQ
嬡,VEPT
嬤,VYSX
嬸,VPTL
嬾,VGKM
嬿,VAUO
嬲,LLVL
嬰,MMVF
嬴,YNKY
稔,TWYN
稖,TUKG
稗,TRTF
稞,TJSY
淯,IYCE
稚,TWYG
稀,TQDH
稂,TYVE
稃,TEBG
稍,|||||
税,TUKQ
稈,TJFH
稉,TGJQ
程,TKGG
稷,TLWT
驿,CCFH
稱,TEMF
稲,TEHJ
稳,TQVN
稼,TPEY
稽,TDNJ
稾,YMKT
稿,TYMK
稹,TFHW
稺,TNUH
稻,TEVG
稠,TMFK
稣,QGTY
稬,TDMD
稭,TXXR
種,|||||
稨,TYNA
口,KKKK
叢,OGUC
叡,HPGC
叠,CCCG
另,|||||
句,QKD
古,DGHG
叫,KNHH
只,KWU
叩,KBH
叨,KVN
可,SKD
样,SUDH
叭,KWY
召,VKF
右,DKF
史,|||||
叱,KXN
台,CKF
号,|||||
叶,KFH
叻,KLN
叹,KCY
司,NGKD
叽,KMN
叼,KNGG
參,CCCE
参,CDER
叁,CDDF
叀,GJHC
叆,FCEC
友,DCU
及,EYI
叉,CYI
栲,SFTN
収,NHCY
反,RCI
双,CCY
从,WWY
发,NTCY
受,EPCU
取,BCY
叔,HICY
叛,UDRC
叚,NHFC
叙,WTCY
变,YOCU
叟,VHCU
班,GYTG
珮,GMGH
珩,GTFH
珪,GFFG
珥,GBG
根,SVEY
珧,GIQN
珠,GRIY
珣,GQJG
介,WJJ
珽,GTFP
現,GHQN
珹,GDNT
珺,GVTK
珵,|||||
珷,GGAH
珶,GUXT
珰,GIVG
珲,GPLH
珍,GWET
珌,GNTT
珏,GGYY
珎,GQIY
珉,GNAN
珈,GLKG
珊,GMMG
珅,GJHH
珇,GEGG
珀,GRG
珂,GSKG
珝,GNG
珞,GTKG
珙,GAWY
珕,GLLL
珑,|||||
珐,GFCY
栢,SDJG
仙,WMH
鍔,QKKN
栗,SSU
以,NYWY
栒,SQJG
持,RFFY
栟,SUAH
件,WRHH
栄,IPSU
仵,WTFH
仲,WKHH
栀,SRGB
栌,SHNT
份,WWVN
栈,SGT
鎞,QTLX
鎘,QGKH
鎚,QWNP
鎔,QPWK
鎕,QYVK
鎖,QIMY
鎗,QWYK
鎒,QDFF
鎌,QUVO
鎏,IYCQ
鎊,QUPY
鎋,QPDK
鎄,QYEY
鎇,QNHG
鎂,QUGD
鎿,QWGR
鎸,QWYE
鎻,QVMY
鎵,QPEY
鎰,QUWL
鎳,QTHS
鎬,QYMK
鎮,QFHW
鎩,QQSC
鎪,QVHC
鎦,QQYL
鎧,QMGU
鎣,OOPQ
蠊,JYUO
蠏,JQEH
蠍,JJQW
蠃,YNKY
蠆,AJMJ
蠅,JMGV
蠛,JALT
蠙,JPGM
蠟,JVLN
蠜,SQQJ
蠓,JAPE
蠒,GWMJ
蠑,JOOS
蠐,JYVF
蠖,JAWC
蠕,JFDJ
蠔,JYPE
蠮,JATN
蠣,JDAY
蠢,DWJJ
蠡,XEJJ
蠧,FPDJ
蠻,XYXJ
蠹,GKHJ
蠾,JNIJ
蠼,JHHC
蠲,UWLJ
蠱,JJJL
蠶,AQAJ
蠵,JMWK
橐,GKHS
旭,VJD
橛,SDUW
橘,SCBK
橙,SWGU
機,SXXT
橜,DUBS
橇,STFN
橄,SNBT
橋,STDK
橈,SFFQ
鼓,FKUC
橱,SDGF
橹,SQGJ
橿,SGLG
橼,SXXE
橡,SQJE
橦,SUJF
橥,QTFS
佛,WXJH
荜,AXXF
荞,ATDJ
荟,AWFC
荙,ADPU
荚,AGUW
荛,AATQ
荔,ALLL
荐,ADHB
荑,AGXW
荒,AYNQ
荏,AWTF
荈,|||||
草,AJJ
荆,AGAJ
荇,ATFH
荀,AQJF
諷,YMTJ
荃,|||||
荼,AWTU
荽,AEVF
荸,AFPB
荻,AQTO
荴,ARFW
荵,AVYN
荷,AWSK
荬,ANUD
荭,AXAF
荮,AXFU
药,AXQY
荨,AVFU
荩,ANYU
荪,ABIU
荫,ABEF
荤,APLJ
荥,APIU
荦,APRH
荧,APOU
荠,AYJJ
荡,AINR
荣,APSU
咴,KDOY
咵,KDFN
咱,KTHG
咲,KUDY
咳,KYNW
咽,|||||
咿,KWVT
咸,DGKT
咻,KWSY
咤,KPTA
鼎,HNDN
咦,KGXW
咧,KGQJ
咢,KKFN
咣,KIQN
咬,KUQY
咭,KFKG
咯,KTKG
咨,UQWK
咩,KUDH
咪,KOY
咫,NYKW
咔,KHHY
咕,KDG
咖,KLKG
旷,JYT
咐,KWFY
咒,KKMB
咝,KXXG
咙,KDXN
咚,KTUY
咛,KPSH
咄,KBMH
咆,KQNN
咀,KEGG
咂,KAMH
和,TKG
咎,THKF
咏,KYNI
咊,KTY
咋,KTHF
緇,XVLG
驾,LKCF
鼴,VNUV
緋,XDJD
緊,AHNI
緔,XIMK
緗,XSHG
捕,RGEY
緑,XVIY
緒,XFTJ
緝,XKBG
緜,RMHI
緞,XWDC
緙,XAFH
緛,XDMD
線,XRIY
緥,XWKS
緦,XLNY
緡,XNAJ
締,XUPH
緣,XXEY
緬,XDMD
緯,XNHH
緩,XEFC
編,XYNA
練,XGLI
緶,XWGQ
緱,|||||
緲,XHIT
緼,XJLG
緹,XJGH
媍,VQMY
鼻,THLJ
媞,VJGH
媚,VNHG
媛,VEFC
媕,VWGA
鼹,VNUV
媒,VAFS
媯,VYTO
媪,VJLG
媧,VMNK
磉,DCCS
媾,VFJF
媸,VBHJ
媵,EUDV
磋,DUDA
媲,VTLX
媳,VTHN
窟,PWNM
窜,PWKH
骻,MEDN
窛,PWFV
窘,PWVK
窖,PWTK
窗,PWTQ
窕,PWIQ
窒,PWGF
窓,PWCN
窑,PWRM
窌,PWQB
窍,PWAN
窈,PWXL
窆,PWTP
窄,PWTF
窃,PWAV
窀,PWGN
突,PWDU
窿,PWBG
窺,|||||
窻,PWTN
磐,TEMD
窶,PWKV
窳,PWRY
窰,PWEM
窮,PWTX
窯,PWUO
窬,PWWJ
窭,PWOV
窨,PWUJ
窩,PWMK
窦,PWFD
骤,CBCI
窥,PWFQ
窣,PWYF
窠,PWJS
磔,DQAS
磖,DNRG
骨,MEF
撲,ROGY
捍,|||||
磣,DCCE
磧,DGMY
額,PTKM
諡,|||||
磬,FNMD
抨,RGUH
磯,DXXT
骅,CWXF
抠,RAQY
磷,DOQH
磻,DTOL
磺,DAMW
磽,DFFQ
抿,RNAN
披,RHCY
題,JGHM
顎,KKFM
顛,FHWM
顋,LNDM
抬,RCKG
抢,RWBN
抡,RWXN
顆,|||||
报,RBCY
护,RYNT
抻,RJHH
抹,RGSY
類,ODDM
顙,CCCM
抽,RMG
押,RLH
顔,UTEM
抱,RQNN
抶,RRWY
顓,MDMM
顬,FDMM
抉,RNWY
顫,YLKM
顥,JYIM
顧,YNWM
技,RFCY
抄,RITT
抛,RVLN
顼,GDMY
顿,GBNM
折,RRH
抟,RFNY
顸,FDMY
须,EDMY
顺,KDMY
页,DMU
顴,AKKM
抑,RQBH
顶,SDMY
抗,RYMN
顰,HIDF
投,RMCY
把,RCN
顯,JXXM
抃,RYHY
沃,ITDY
沂,IRH
沁,INY
顦,WYOM
錢,QAAT
沆,IYMN
沅,IFQN
沄,|||||
錮,QLDG
錯,QAJG
沉,IPMN
沈,IPQN
沏,IAVN
錫,QJQR
錨,|||||
沌,IGBN
沓,IJF
沐,ISY
録,QVIY
錳,QBLG
沔,IGHN
錾,LRQF
沚,IHG
沙,IITT
沘,IXXN
沟,IQCY
錸,|||||
沣,IDHH
顽,FQDM
没,IMCY
沧,IWBN
沦,IWXN
沥,|||||
沤,IAQY
沫,IGSY
沪,IYNT
沩,IYLY
沨,IMQY
沮,IEGG
錈,QUDB
鸨,XFQG
河,ISKG
沲,ITBN
沱,IPXN
錕,|||||
錒,|||||
錐,QWYG
治,ICKG
錟,QOOY
油,IMG
沸,IXJH
沿,IMKG
錛,QDFA
錘,QTGF
錙,QVLG
袍,PUQN
袈,LKYE
袋,WAYE
袅,QYNE
袄,PUTD
袆,PUFH
袁,FKEU
袂,PUNW
抓,RRHY
袟,PURW
袛,PUQY
抒,RCBH
袖,PUMG
顷,XDMY
袒,PUJG
袭,DXYE
袯,PUNY
被,PUHC
袪,PUFC
顱,HALM
袠,YRWE
袢,PUUF
袼,PUTK
顳,BBBM
袵,PUWF
袴,PUDN
袷,PUWK
袱,PUWD
卤,HLQI
卧,AHNH
卦,FFHY
卡,HHU
占,HKF
卣,HLNF
卢,HNE
卬,QBH
卯,QTBH
卮,RGBV
卫,BGD
卵,QYTY
却,FCBH
卷,UDBB
危,QDBB
印,QGBH
即,VCBH
卲,VKBH
卿,QTVB
卹,TLBH
卸,RHBH
卺,BIGB
卅,GKK
升,TAK
十,FGH
區,|||||
千,TFK
协,FLWY
华,WXFJ
卉,FAJ
午,TFJ
卋,FAF
半,UFK
单,UJFJ
協,FLLL
南,FMUF
卖,FNUD
卑,RTFJ
卓,HJJ
卒,|||||
卜,HHY
卟,KHY
卞,YHU
博,FGEF
牵,DPRH
牴,TRQY
牲,TRTG
牿,TRTK
牾,TRGK
牽,YXPH
牻,TRDE
牺,TRSG
特,TRFF
牧,TRTY
牦,TRTN
镗,QIPF
牢,PRHJ
牡,TRFG
牯,TRDG
牮,WARH
物,TRQR
牖,THGY
牒,THGS
牟,CRHJ
牝,TRXN
牛,RHK
牚,IPKT
牙,AHTE
牘,THGM
片,THGN
牀,NHDS
牎,THGN
牍,THGD
牌,THGF
牋,THGA
版,THGC
吾,GKF
吼,KBNN
吻,KQRT
吸,KEYY
吹,KQWY
吴,KGDU
吵,KITT
吲,KXHH
許,YTFH
吱,KFCY
吮,KCQN
启,YNKD
听,KRH
吭,KYMN
含,WYNK
吨,|||||
吩,KWVN
否,GIKF
吧,KCN
吥,KGIY
吢,NKF
吣,KNY
吠,KDY
吡,KXXN
吞,GDKF
吟,KWYN
吝,YKF
吚,KVTT
君,VTKD
吖,KUHH
吗,KCG
訴,YRYY
吒,KTAN
吓,KGHY
吐,KFG
向,TMKD
后,RGKD
吏,GKQI
同,MGKD
名,QKF
吊,KMHJ
合,WGKF
吉,FKF
吆,KXY
各,TKF
吃,KTNN
吁,KGFH
籍,TDIJ
籌,TFNF
籃,TAHL
籁,|||||
籀,TRQL
籟,TGKM
籜,|||||
証,YGHG
籮,TLXY
籬,TYBY
籪,|||||
籩,TTHP
籠,TUED
籽,OBG
籼,OMH
类,ODU
籴,TYOU
米,OYTY
擧,WFGR
訥,YMWY
訒,YVYY
泌,INTT
訕,YMH
醫,ATDG
訛,YWXN
訚,UYD
錦,QRMH
閨,UFFD
訃,YHY
錠,QPGH
錡,QDSK
諍,YQVH
沍,IGXG
訊,YNFH
閿,UEPC
討,YFY
閻,UQVD
比,XXN
毕,XXFJ
毖,XXNT
毗,LXXN
毐,FXDR
毒,GXGU
毓,TXGQ
錱,QGGF
毙,XXGX
毛,TFNV
沛,IGMH
毆,AKKC
毁,VAMC
毂,FPLC
母,XGUI
每,TXGU
毉,ATDW
毋,XDE
毵,CDEN
泓,IXCY
毳,TFNN
輪,LWGA
毿,CCCN
毹,WGEN
毧,TFND
毡,TFNK
毬,TFNY
毯,TFNO
毪,TFNH
毫,YPTN
菧,AYQY
菥,ASRJ
菢,ARQN
菠,AIHC
沢,INYY
華,AGAF
菪,APDF
菫,AGKG
菩,AUKF
菶,ADWH
菴,ADJN
菵,AMUN
菲,ADJD
菰,ABRY
菱,AFWT
菾,AGDN
菽,AHIC
菸,|||||
菹,AIEG
菇,AVDF
菅,APNN
菀,APQB
菁,AGEF
菏,AISK
菌,ALTU
錁,QJSY
菊,AQOU
菖,AJJF
菔,AEBC
菑,AVLF
菟,AQKY
菜,AESU
菝,ARDC
菘,ASWC
菙,ATGF
戬,GOGA
駕,|||||
駔,CEGG
戩,GCCA
駒,|||||
駑,VCCU
駐,CYGG
駟,CLG
戤,ECLA
駝,CPXN
駜,CNTT
戡,ADWA
駙,CWFY
戢,KBNT
戽,YNUF
房,YNYV
戾,YNDI
戹,YNNV
沭,ISYY
駁,CQQY
戴,FALW
户,YNE
戰,KKJA
戳,NWYA
駈,|||||
戍,DYNT
戌,DGNT
戏,|||||
戎,ADE
戈,AGNT
戋,GGGT
戊,DNYT
戅,UJAN
戆,UJTN
戀,XYXN
戟,FJAT
戞,DEPA
駢,CUAH
駡,KKCU
戚,DHIT
戕,NHDA
戔,AAR
駭,CYNW
或,AKGD
我,TRNT
成,DNNT
戒,AAK
錞,QYBG
催,WMWY
錚,QQVH
沾,IHKG
傭,WYVH
沽,IDG
沼,IVKG
娖,VKHY
娓,VNTN
娑,IITV
娟,VKEG
娜,VVFB
娘,|||||
娆,VATQ
娇,VTDJ
娄,OVF
娅,VGOG
娃,VFFG
娀,VADT
威,DGVT
娌,VJFG
娈,YOVF
娉,VMGN
娶,BCVF
娴,VUSY
娲,VKMW
娱,VKGD
娼,VJJG
娥,VTRT
娣,VUXT
娠,VDFE
娬,VGAH
娭,VCTD
娩,VQKQ
産,UTTG
甥,TGLL
甦,GJQG
用,ETNH
甩,ENV
甪,TEK
甫,GEHY
甬,CEJ
甭,GIEJ
甯,|||||
田,LLLL
由,MHNG
甲,LHNH
申,JHK
甴,JHK
电,JNV
男,LLB
甸,QLD
町,LSH
画,|||||
甾,|||||
甄,SFGN
甆,UXXN
袜,PUGS
甌,AKKN
甍,ALPN
甎,GJHN
甏,|||||
甑,ULJN
甕,YXTN
甖,MMGN
甘,AFD
甙,AAFD
甚,ADWN
甛,AFTD
甜,TDAF
生,TGD
勦,VJSL
勤,AKGL
勢,FWFL
勡,SFIL
勿,QRE
勾,QCI
勺,QYI
勹,QTN
勸,AKKL
勵,DAJL
勲,TGJO
勱,AJML
勰,LLLN
勍,YILN
勌,UDBL
勋,KMLN
勉,QKQL
勇,CELB
勅,GKIL
勃,FPBL
勁,GVAL
募,|||||
勞,OOPL
勝,EUDL
勛,|||||
務,CBTL
勘,ADWL
勗,JEGL
勖,JHLN
動,TGJL
勒,AFLN
勐,BLLN
狹,QTDW
狸,QTJF
狻,QTCT
狺,QTYG
狽,QTMY
狼,QTYE
狱,QTYD
狰,QTQH
狳,QTWT
狲,QTBI
狴,QTXF
狷,QTKE
岱,WAMJ
狩,QTPF
狨,QTAD
狭,QTGW
独,QTJY
狯,QTWC
狮,QTJH
狡,QTUQ
狠,QTVE
狙,QTEG
蛑,JCRH
狝,QTQI
狞,QTPS
狐,QTRY
狒,QTXJ
狗,QTQK
狈,QTMY
狍,QTQN
狎,QTLH
狁,QTCQ
狀,|||||
狃,QTNF
狂,QTGG
狄,QTOY
锚,QALG
鲜,QGUD
饃,WYVD
傼,WAKW
泪,IHG
氅,IMKN
邪,AHTB
氆,TFNJ
邬,QNGB
邮,MBH
氂,FITN
氍,HHWN
邡,YBH
邢,GABH
那,VFBH
邤,RBH
氈,YLKN
邦,DTBH
氊,TFNG
邸,QAYB
邹,QVBH
邺,OGBH
氖,RNEB
民,NAV
氐,QAYI
氓,YNNA
邿,FFBH
邰,CKBH
邱,RGBH
邲,NTBH
邳,|||||
氙,RNMJ
邵,VKBH
邶,UXBH
氚,RNKJ
邈,EERP
氤,RNLD
邊,THPP
邋,VLQP
氡,RNTU
氣,RNOU
邏,LXWP
邀,RYTP
氬,RNGG
邂,QEVP
邃,PWUP
氩,RNGG
氨,RNPV
氫,RNGA
邇,GWMP
邘,GFBH
水,IIII
氷,YII
邛,ABH
氰,RNGE
邟,YMBH
氽,WIU
邓,CBH
氹,NII
永,YNII
邗,FBH
褔,PUGL
褓,PUWS
褒,YWKE
褐,PUJN
褛,PUOV
褚,PUFJ
褙,PUUE
褃,PUHE
褂,PUFH
褊,PUYA
褶,PUNR
褵,PUYC
褴,PUJL
褳,PULP
褲,PUYL
褰,PFJE
褾,PUSI
褻,YFWE
褥,PUDF
褡,PUAK
褫,PURM
褪,PUVP
嗪,KDWT
歟,WFGW
麂,YNJM
麃,YNJO
歛,WGKW
麇,YNJT
麈,YNJG
麋,YNJO
麐,YNJK
麒,YNJW
麓,SSYX
麕,YNJT
麗,GMYX
歆,UJQW
歇,JQWW
歂,MDMW
麝,YNJF
麞,YNJJ
麟,YNJH
歼,GQTF
麤,YNJX
死,GQXB
麦,GTU
歹,GQI
麨,SWWT
麩,SWWW
歴,DSSH
歲,HDGT
歳,HDGT
麯,SWWA
麴,FWWO
歩,HITR
麸,GQFW
歧,HFCY
此,HXN
步,HIR
止,HHHG
正,GHD
麾,YSSN
歡,|||||
聩,BKHM
聪,BUKN
聯,BXXG
聤,BYPS
聹,BPNS
聽,BGFN
聾,UEGB
聿,VFHK
聰,BTLN
聱,GQTB
聲,FNMB
聳,TWWB
聵,BKHM
聶,BBBF
職,BUAJ
聊,BQTB
聋,DXBF
职,BKWY
聍,BPSH
聂,BCCU
聃,BMFG
聆,BWYC
聘,BMGN
聚,BCTI
聞,UBD
聒,BTDG
联,BUDY
聖,BKGF
侏,WRIY
糒,OATE
糕,OUGO
糗,OTHD
糖,|||||
糙,OTFP
糝,OCCE
糜,YSSO
糟,OGMJ
糞,OLAW
糁,OCDE
糂,OADN
糅,OCBS
糇,OWND
糉,OQBT
糈,ONHE
糊,ODEG
糍,OUXX
糌,OTHJ
糲,ODAY
糵,AWNO
糴,TYOY
糶,BMOY
糸,XIU
系,TXIU
糺,XNN
糾,XNHH
糡,OUJQ
糠,OYVI
糢,OAJD
糧,OJGF
糨,OXKJ
糯,OFDJ
妘,VFCY
妙,VITT
妜,VNWY
妝,NHDV
妞,VNFG
妐,VWCY
妑,VCN
妒,VYNT
妓,VFCY
妖,VTDY
妗,VWYN
妈,VCG
妊,VTFG
妍,VGAH
妁,VQYY
如,VKG
妃,VNN
妄,YNVF
妆,UVG
妇,VVG
妸,|||||
妹,VFIY
妻,GVHV
妾,UVF
妲,VJGG
妳,VQIY
妷,VRWY
妨,VYN
妩,VFQN
妪,VAQY
妫,VYLY
妬,VDG
妮,VNXN
妯,VMG
妣,VXXN
妤,VCBH
妥,EVF
疫,UMCI
疮,UWBV
疯,UMQI
疬,UDLV
疭,UWWI
疢,UOI
疣,UDNV
疠,UDNV
疡,UNRE
疤,UCV
疥,UWJK
疸,UJGD
疹,UWEE
疾,UTDI
疼,UTUI
疽,UEGD
疲,UHCI
疳,UAFD
疰,|||||
疱,UQNV
疴,USKD
疵,UHXV
疊,LLLG
疋,NHI
疎,NHGI
疏,NHYQ
疃,LUJF
疆,XFGG
疇,LFNF
疚,UQYI
疘,UAD
疙,UTNV
疟,UAGD
疝,UMK
疒,UYGG
疑,XTDH
疖,UBK
疗,UBK
疔,USK
疕,UXV
锡,QJQR
昉,JYN
跷,KHAQ
掷,RUDB
掴,RLGY
掳,RHAL
饟,WYVE
饞,WYVY
饑,WYVT
饒,WYVQ
饕,KGNE
掺,RCDE
饗,XTYE
掸,RUJF
饉,WYVG
饈,WYVF
饋,WYVM
饊,WYVT
饍,WYVK
探,RPWS
採,|||||
掠,RYIY
掮,RYNE
掭,RGDN
掬,RQOY
饅,WYVC
措,RAJG
掩,RDJN
推,RWYG
掖,RYWY
饺,QNUQ
饽,QNFB
饼,QNUA
饿,QNTT
掐,RQVG
饱,QNQN
饰,QNTH
饲,QNNK
掛,RFFH
饴,QNCK
饷,QNTK
掘,RNBM
饩,QNRN
饨,QNGN
饫,QNTD
掄,RWGA
掃,RVPH
饬,QNTL
饯,QNGT
掀,RRQW
掏,RQRM
掎,RDSK
掌,IPKR
饥,QNMN
饤,QNSH
掉,RHJH
授,REPC
蹀,KHAS
蹁,KHYA
蹂,KHCS
蹄,KHUH
蹅,KHSG
蹇,|||||
蹈,KHEV
蹉,KHUA
蹊,KHED
蹋,KHJN
蹌,|||||
蹏,KHRM
蹑,KHBC
蹒,KHAW
蹕,KHJF
蹙,DHIH
蹟,KHGM
蹠,KHYO
蹣,KHAY
蹤,KHTH
蹦,KHME
蹩,UMIH
蹬,|||||
蹭,KHUJ
蹯,KHTL
蹰,KHDF
邠,WVBH
蹴,KHYN
蹵,YIDH
蹶,KHDW
蹷,DUBH
蹺,KHFQ
蹻,KHTK
蹼,KHOY
蹿,KHPH
進,WYPD
涎,ITHP
涌,ICEH
逶,TVPD
逷,JQRP
涉,IHIT
消,IIEG
涇,IGVA
逻,LQPI
涅,IJFG
逾,WGEP
涂,IWTY
逼,GKLP
涟,ILPY
連,LPK
造,TFKP
逡,CWTP
涛,IDTF
涙,IYND
涖,IWUG
涕,IUXT
涔,IMWN
逮,VIPI
逯,VIPI
涑,IGKI
逭,PNHP
涯,IDFF
涮,INMJ
逐,EPI
逑,FIYP
涫,IPNN
逗,GKUP
途,WTPI
涨,IXTY
涧,IUJG
逛,QTGP
涤,ITSY
涣,IQMD
速,GKIP
涡,IKMW
涠,ILFH
涿,IEYY
逃,IQPV
退,VEPI
送,UDPI
逆,UBTP
逄,TAHP
逅,RGKP
涷,IGJI
逋,GEHP
逈,TMKP
选,TFQP
逎,SGPD
液,IYWY
逍,IEPD
覘,HKHQ
覓,EHQB
瘉,UWGJ
覔,GIHQ
視,PYHQ
見,HQB
覍,IHQB
規,FWHQ
要,SVF
覃,SJJ
覆,STTT
覻,HAGQ
覺,WFQQ
覽,AHNQ
覿,FLMQ
覲,AKGQ
覷,HAOQ
覩,FTJQ
親,USHQ
覬,MGKQ
覯,FJGQ
覡,AWWQ
覦,WGEQ
割,PDHJ
創,WYVJ
剴,MGKJ
剹,NWEJ
剸,GJHJ
剻,MEEJ
剽,SFIJ
剿,VJSJ
剡,OOJH
剠,YIJH
剥,|||||
剧,NDJH
剩,TUXJ
剪,UEJV
副,GKLJ
剮,MNMJ
剑,WGIJ
剐,KMWJ
剔,JQRJ
剗,AAJH
剖,UKJH
剛,MUMJ
剜,PQBJ
剞,DSKJ
剁,|||||
剀,MNJH
剃,UXHJ
桉,SPVG
剄,GVAJ
則,MJH
剋,DQJK
削,IEJH
前,UEJJ
剌,GKIJ
桅,SQDB
钿,QLG
罚,LYJJ
罘,LGIU
罟,LDF
罜,LYGF
网,MQQI
罐,RMAY
罗,LQU
罕,PWFJ
罔,MUYN
罋,YXTM
罌,|||||
罂,MMRM
罇,RMUF
罅,RMHH
罄,FNMM
罹,LNWY
罸,LYFU
罾,LULJ
署,LFTJ
罱,LFMF
罰,LYJJ
罷,LCEX
罵,LCU
罴,LFCO
罪,LDJD
罩,LHJJ
罨,LDJN
置,LFHF
罣,LFFF
罢,LFCU
罡,LGHF
邾,RIBH
鳞,QGOH
收,NHTY
鳓,QGAL
攻,ATY
攽,WVTY
政,GHTY
放,YTY
鳋,QGCJ
攣,XYXR
鳏,QGLI
攤,RAKY
攩,RIPO
馅,|||||
鳆,QGTT
鳅,QGTO
攮,RGKE
檬,SAPE
鳳,MDHO
擠,RYVF
擡,RFKF
擢,RNWY
擣,RFNF
擤,RTHJ
擥,AHNR
擦,RPWI
碇,DPGH
鸃,WVGT
擯,RPGM
擰,RPNS
鸛,AKKO
擲,RUSB
擴,RYAW
鸟,QYNG
鸜,HHWO
擷,|||||
鸐,NWYO
擻,RKGT
擼,RQOJ
擾,RDET
鸕,|||||
擀,RFJF
擁,RYXY
擂,RFLG
鸩,PQQG
擄,RHAL
擅,RYLG
鸬,HNQG
擇,RLFF
鸢,AQYG
鸣,KQYG
鸠,VQYG
鸡,CQYG
鸦,AHTG
操,RKKS
擎,AQKR
鸥,AQQG
鸺,WSQG
碎,DYWF
擒,RWYC
鸹,TDQG
鸾,YOQG
擕,RWYM
鸽,WGKG
擘,NKUR
鸳,QBQG
據,RHAE
鸱,QAYG
鸶,XXGG
鸷,RVYG
擞,ROVT
鸵,QYNX
胲,EYNW
胳,ETKG
胰,EGXW
胱,EIQN
胶,EUQY
胷,QQBE
胴,EMGK
胵,EGCF
胺,EPVG
胸,EQQB
鳬,|||||
胼,EUAH
能,CEXX
攉,RFWY
胠,EFCY
胡,DEG
胧,EDXN
胤,TXEN
胥,NHEF
胪,EHNT
胫,ECAG
胨,|||||
驺,CQVG
胯,EDFN
胬,VCMW
胭,ELDY
瘧,UHAG
胖,EUFH
胗,EWET
碗,DPQB
胚,EGIG
胛,ELH
胙,ETHF
胞,EQNN
胜,ETGG
胝,EQAY
胂,EJHH
胃,LEF
胀,ETAY
胁,ELWY
鳥,WVGO
胄,MEF
胈,EDCY
胎,ECKG
背,UXEF
胍,ERCY
挹,RKCN
離,YBMY
雠,WYYY
挽,RQKQ
挿,RTGH
挾,RDWW
挱,RIIT
雪,FVF
雩,FFNB
驢,CHAL
雯,FYU
雳,FDLB
雲,FFCU
挫,RWWF
挪,RVFB
雷,FLF
零,FWYC
振,RDFE
碟,DANS
挡,RIVG
挠,RATQ
雹,FQNB
挢,RTDJ
挥,RPLH
碜,DCDE
邐,|||||
雁,DWWY
挚,RVYR
挝,RFPY
集,WYSU
雅,AHTY
雄,DCWY
挑,RIQN
碚,DUKG
雉,TDWY
雏,QVWY
雎,EGWY
雍,YXTY
雌,HXWY
按,RPVG
雒,TKWY
雖,KJWY
雕,MFKY
挎,RDFN
雛,QBTY
雙,WYWC
挂,RFFG
雟,BTWK
雞,EXDY
指,RXJG
雜,YWWY
軋,LNN
軎,GJFK
軌,LVN
軍,PLJ
軀,TMDK
軆,TMDU
軛,LDBN
軟,LQWY
軒,LFH
軔,LVYY
軫,LWET
軤,LTUH
軺,LVKG
軻,LSKG
軸,LMG
軾,LAAG
軼,|||||
軲,LDG
軶,LYNN
夢,ALPQ
頒,WVDM
大,DDDD
夤,QPGW
夥,JSQQ
太,DYI
夫,FWI
天,GDI
央,MDI
夯,DLB
夭,TDI
失,RWI
夷,GXWI
头,UDI
夺,DFU
夻,DKF
夸,DFNB
夹,GUWI
夾,|||||
夿,DCB
夼,DKJ
拭,RAAG
备,TLF
处,THI
驄,CTLN
夏,DHTU
复,TJTU
外,QHY
夔,UHTT
夕,QTNY
多,QQU
碲,DUPH
夘,QBH
夙,MGQI
够,QKQQ
夜,YWTY
驀,AJDC
琬,GPQB
琭,GVIY
琮,GPFI
琯,GPNN
琨,|||||
琩,GJJG
琪,GADW
琫,GDWH
琤,GQVH
琥,GHAM
琦,GDSK
碱,DDGT
琠,GMAW
琡,GHIC
琢,GEYY
頟,TKDM
琼,GYIY
碾,DNAE
琿,GPLH
琸,GHJH
琹,GGSU
琺,GIFC
琴,GGWN
琵,GGXX
琶,GGCB
琰,GOOY
琲,GDJD
琳,GSSY
琌,GMWN
琍,GTJH
琎,GFJP
琏,GLPY
琈,GEBG
琉,GYCQ
琊,GAHB
琄,GKEG
琅,GYVE
理,|||||
琇,GTEN
琀,GWYK
球,GFIY
琟,GWYG
琙,GAKG
琚,GNDG
琛,GPWS
順,KDMY
琖,|||||
碹,DPGG
琐,GIMY
拽,RJXT
击,FMK
出,BMK
凹,MMGD
凸,HGMG
凿,OGUB
函,BIBK
凼,IBK
凳,WGKM
凱,MGKM
項,ADMY
凶,QBK
凴,UCMB
凫,QYNM
凯,MNMN
凭,WTFM
拱,RAWY
凡,MYI
几,MTN
処,TMV
凤,MCI
凛,UYLI
凝,UXTH
頎,RDMY
凑,UDWD
凋,UMFK
凊,UGEG
凉,UYIY
凈,|||||
减,UDGT
拶,RVQY
凍,UGJI
凌,UFWT
凃,UWTY
净,UQVH
凇,USWC
准,UWYG
凄,UGVV
頰,DWWM
頷,WYNM
頴,XFIM
頸,GVAM
挛,|||||
拄,|||||
拆,RRYY
拇,RXGU
招,RVKG
頦,YNTM
邙,YNBH
頭,GKUM
鐓,QYBT
慷,NYVI
醴,SGMU
詰,YFKG
洒,ISG
洗,ITFQ
镈,QGEF
醼,SGAO
醽,SGFK
洛,ITKG
洚,ITAH
醺,SGTO
洞,IMGK
洁,IFKG
镊,QBCC
醠,SGML
洄,ILKG
洇,ILDY
醣,SGYK
醬,NHDG
醭,SGOY
洋,IUDH
醯,SGYL
洌,IGQJ
醪,SGNE
洎,ITHG
洱,IBG
醕,SGYJ
醖,SGJL
洲,IYTH
洵,IQJG
洴,IUAH
醒,SGJG
洶,IQQB
洹,IGJG
活,ITDG
洽,IWGK
洼,IFFG
醚,SGOP
醛,SGAG
瘿,UMMV
醆,SGAA
醇,SGYB
津,IVFH
醁,SGVI
洧,IDEG
镀,QYAC
洩,IJXT
醍,SGJH
洫,|||||
洪,IAWY
醉,SGYF
醋,SGAJ
蘢,AUED
蘡,AMMV
蘧,AHAP
蘤,AREO
詼,YDOY
蘩,ATXI
蘭,AUGI
詾,YQQB
蘵,ABUJ
蘺,AYBY
镆,QAJD
蘿,|||||
顗,MGKM
蘼,AYSD
镙,QLXI
蘇,AQOT
蘆,AHAL
蘅,ATQH
镘,QJLC
蘋,AHIM
蘊,AXLL
镛,|||||
鞑,AFDP
蘑,AYSD
蘐,AYEC
蘗,ANKS
蘖,AWNS
蘚,AQOD
蘘,AYKE
蘞,AWGT
龌,HWBF
龍,UEGD
摩,YSSR
龈,HWBE
龉,HWBK
龊,HWBH
摭,RYAO
龄,HWBC
摣,RHAG
龆,HWBK
龇,HWBX
龀,HWBX
摧,RMWY
龃,|||||
摺,RNRG
摻,RCCE
摸,RAJD
摹,AJDR
龙,DXV
龚,DXAW
摽,RSFI
龕,WGKD
爛,OUGI
摶,RGJF
龑,UEGD
摴,RFFN
摊,RCWY
摈,RPRW
镒,QUWL
摎,RNWE
摃,RAMY
摀,RWNO
摁,RLDN
摆,RLFC
摇,RERM
摄,RBCC
摅,RHAN
摛,RYBC
摘,RUMD
摞,RLXI
摟,RKGV
摜,RXFM
摒,RNUA
摐,RTWH
摑,|||||
摔,RYXF
腴,EVWY
詐,YTHF
腷,EGKL
腰,ESVG
腱,EVFP
腲,ELGE
腼,EDMD
腽,EJLG
腾,EUDC
腿,EVEP
腸,EJGR
詒,YCKG
腺,ERIY
腻,EAFM
腤,EUJG
腥,EJTG
腦,EVTQ
腧,EWGJ
腠,EDWD
腡,EMNK
腭,EKKN
腮,|||||
腯,ERFH
腨,EMDJ
腩,EFMF
評,YGUH
腔,EPWA
腕,EPQB
腖,EGJI
腐,YWFW
腑,EYWF
腓,EDJD
腘,ELGY
腙,EPFI
腚,EPGH
镡,QSJH
腆,EMAW
腌,EDJN
腎,AHNE
腈,EGEG
腊,EAJG
腋,EYWY
詛,YEGG
詝,YPSH
镧,QUGI
郯,OOBH
郮,MFKB
泆,IRWY
郢,KGBH
郡,VTKB
翟,NWYF
翘,ATGN
翕,WGKN
翔,UDNG
習,NRF
翌,NUF
翎,WYCN
翋,NUG
翊,UNG
翅,|||||
翄,NFCY
翁,WCNF
翀,NKHH
翼,NLAW
翾,LGKN
翹,FFFN
翻,TOLN
翱,RDFN
翰,FJWN
翳,ATDN
翮,GKMN
翩,YNMN
詎,YANG
翥,FTJN
翦,UEJN
翡,DJDN
翠,NYWF
翣,NUVF
法,IFCY
泖,IQTB
墮,|||||
墨,LFOF
墩,FYBT
墪,YBTF
墳,FFAM
墼,GJFF
墾,EEVF
泚,IHXN
墺,FTMD
墅,JFCF
郰,BCBH
墀,FNIH
墁,FJLC
境,FUJQ
墉,FYVH
墊,FUFF
墋,FCCE
墖,FWGL
泞,IPSH
墒,FUMK
墓,AJDF
墜,BUEF
墝,FFFQ
增,FULJ
墟,FHAG
墘,FFJN
墙,FFUK
墚,FIVS
璵,GWFW
環,GLGE
郊,UQBH
璿,GHPH
璽,GWMY
璺,WFMY
璹,GFNF
璦,GEPT
璧,NKUY
泣,IUG
璢,|||||
璣,GXXT
璠,GTOL
璡,GWYP
璨,GHQO
郎,YVCB
璐,GKHK
璞,GOGY
璟,GJYI
璜,GAMW
璛,GVHH
璘,GOQH
璆,GNWE
郃,WGKB
璂,GADF
璃,GYBC
璀,GMWY
璁,GTLN
璎,GMMV
靶,AFCN
璋,GUJH
璈,GGQT
璉,GLPY
郅,GCFB
泯,INAN
泰,DWIU
鰭,QOFJ
泱,IMDY
钇,QNN
郝,FOBH
郜,TFKB
伺,WNGK
郓,PLBH
泺,IQIY
泻,IPGG
泼,INTY
泽,ICFH
泾,ICAG
慌,NAYQ
忮,NFCY
攜,RMWK
顢,AMHM
毅,UEMC
除,BWTY
陧,BJFG
陡,BFHY
陣,BLH
院,BPFQ
陬,BBCY
险,BWGI
陨,BKMY
陪,BUKG
陵,BFWT
陴,BRTF
陷,BQVG
陶,BQRM
陰,BWYC
陳,BGJI
陲,BTGF
陽,BJGR
陿,BADW
陸,BFWF
陻,BSFG
际,BFIY
附,BWFY
陇,BDXN
陆,BFMH
陀,BPXN
陂,BHCY
降,BTAH
陌,BDJG
陎,BRIY
陉,BCAG
陈,BAIY
陋,BGMN
陕,BGUW
陔,BYNW
限,BVEY
陝,BDTY
陟,BHIT
陘,BGVA
陛,BXXF
轍,LYCT
轎,LTDK
轉,LGJF
轄,LPDK
轅,LFKE
轆,LYNX
顾,DBDM
轂,|||||
轟,|||||
轔,LOQH
转,LFNY
轭,LDBN
轮,LWXN
软,LQWY
轨,LVN
轩,LFH
轫,LVYY
轤,LHAL
车,LGNH
项,ADMY
轡,XLXK
轢,LXRS
轼,LAAG
载,FALK
轾,LGCF
轿,LTDJ
轸,LWET
轹,LQIY
轺,LVKG
轻,LCAG
轴,LMG
轵,LKWY
轶,LRWY
轷,LTUH
轰,LCCU
轱,LDG
轲,LSKG
轳,LHNT
溘,IFCL
溟,IPJU
溝,|||||
溜,IQYL
鄶,WGLB
鄴,OGUB
源,IDRI
鄲,KKJB
整,GKIH
鄰,OQAB
鄱,TOLB
鄯,UDUB
溉,IVCQ
溈,IYTO
溏,IYVK
鄩,VAKB
溃,IKHM
鄧,WGKB
鄤,JLCB
鄢,GHGB
鄣,UJBH
鄠,FFNB
鄡,WVGB
溻,IJNG
溺,IXUU
鄜,|||||
鄚,AJDB
数,|||||
鄘,YVEB
鄙,KFLB
鄖,KMBH
溲,IVHC
鄔,WNGB
溷,ILEY
溶,IPWK
溴,ITHD
溪,IEXD
鄍,PJUB
溯,IUBE
鄉,XTYB
鄆,PLBH
溢,IUWL
鄄,SFBH
鄅,TKMB
溧,ISSY
溦,IMGT
鄀,ADKB
蚤,CYJU
蚧,JWJH
蚣,JWCY
蚬,JMQN
蚯,JRGG
蚩,BHGJ
蚨,JFWY
蚪,JUFH
蚵,JSKG
蚴,JXLN
蚶,JAFG
蚱,JTHF
蚰,JMG
蚹,JWFY
蚺,JMFG
鲈,QGHN
蚁,JYQY
蚀,QNJY
蚂,JCG
蚍,JXXN
蚌,JDHH
蚏,JEG
蚋,JMWY
蚊,JYY
蚕,GDJU
蚖,JFQN
蚓,JXHH
蚝,JTFN
鲌,QGRG
檞,|||||
蚚,JRH
兽,ULGK
兼,UVOU
兹,UXXU
典,MAWU
养,UDYJ
兵,RGWU
兴,IWU
具,HWU
其,ADWU
共,AWU
兰,UFF
关,UUDI
六,UYGY
公,WCU
兮,WGNB
兩,|||||
全,WGF
八,WTY
入,|||||
兠,URXQ
兢,DQDQ
兜,QRNQ
敭,JGQT
党,IPKQ
兕,MMGQ
兔,QKQY
兖,UCQB
兑,UKQB
児,HJQB
兒,VQB
免,QKQB
兎,TKQY
光,IQB
先,TFQB
克,DQB
匣,ALK
充,YCQB
兄,KQB
敩,IPBT
允,CQB
兀,GQV
元,FQB
鲸,QGYI
敗,MTY
庇,YXXV
敕,GKIT
筆,|||||
救,FIYT
鲰,QGBC
鲳,QGJJ
鲴,QGLD
鲵,QGVQ
敘,WTTY
鲷,QGMK
鲩,QGPQ
鲫,|||||
繢,XKHM
繯,XLGE
繮,XGLG
繭,AMHJ
繪,XWGJ
繩,XMGV
繶,XUJN
繳,XRYT
鲡,QGGY
繾,XKHP
繽,XPGM
繼,XXXN
繻,XFDJ
敌,TDTY
繹,XLFF
繸,XUEP
繇,ERMI
繆,XNWE
繅,XVJS
繄,ATDI
繃,XMEE
繁,TXGI
繍,XVOJ
繋,LMCI
繖,XAET
繕,XUDK
織,XUAJ
效,UQTY
繟,XKKF
繞,XFFQ
敉,OTY
繚,XDUI
繙,XTOL
菍,AWYN
戮,NWEA
截,FAWY
戥,JTGA
戧,WYVA
駛,CKQY
駘,CCKG
派,IREY
旬,QJD
鼗,IQFC
旮,VJF
旯,JVB
旨,XJF
早,JHNH
鼐,EHNN
旤,MNMQ
日,JJJJ
旦,JGF
旧,HJG
无,FQV
既,VCAQ
鼙,FKUF
旼,JYY
鼇,GQTV
旸,JNRT
旺,JGG
旻,JYU
旴,JGFH
旵,JMJ
鼌,JGKN
鼍,KKLN
旰,JFH
旱,JFJ
鼉,KKLV
旌,YTTG
鼷,VNUD
旎,YTNX
族,YTTD
旋,YTNH
鼾,THLF
旅,YTEY
旆,YTGH
鼽,THLV
鼺,VNUL
旁,UPYB
旃,YTMY
鼥,VNUC
鼢,VNUV
鼠,VNUN
鼯,VNUK
鼬,VNUM
旗,YTAW
旒,YTYQ
臾,VWI
臿,TFVD
臼,VTHG
臻,GCFT
臸,GCFF
致,|||||
至,GCFF
臯,THIF
臬,THSU
臭,THDU
自,THD
臨,AHNK
臧,DNDT
臥,|||||
臣,AHNH
臠,XYXW
臟,EADT
臝,YNKY
臚,EHAL
駱,CTKG
臘,EVLN
臙,EAUO
臖,WFME
臕,EYNO
臑,EFDJ
臎,ENYF
臏,EPGM
臌,EFKC
臍,EYVF
臊,EKKS
臋,NAWW
臈,EAJN
臉,EWGW
臆,EUJN
臂,NKUE
臃,EYXY
臀,NAWE
臁,EYUO
韮,ADJG
韭,DJDG
韬,FNHV
韫,FNHL
韪,JGHH
韩,FJFH
韧,FNHY
韦,FNHK
韤,NHKT
韡,NHKF
響,XTYJ
韻,UJKM
韶,UJVK
韵,UJQU
音,UJF
韲,YVUG
韌,NHKY
韋,NHKH
韉,AFAO
韈,AFAT
韃,AFFP
韂,AFQY
韁,|||||
韞,NHKL
韝,|||||
韜,NHKV
韙,JGHH
韔,NHKE
韓,FJNH
战,HKAT
返,RCPI
迕,TFPK
迓,AHTP
运,FCPI
近,RPK
连,LPK
迟,NYPI
远,FQPV
违,FNHP
进,FJPK
还,|||||
这,YPI
迆,BPV
过,FPI
迄,TNPV
迅,NFPK
迂,GFPK
迀,FPK
迁,TFPK
迎,QBPK
戗,WBAT
迈,DNPV
迷,OPI
迴,LKPD
迵,MGKP
迳,|||||
述,SYPI
追,WNNP
迺,SPD
迻,QQPI
迸,UAPK
迹,YOPI
迦,LKPD
迤,TBPV
迥,MKPD
迢,VKPD
迮,THFP
迭,RWPI
迪,MPD
迫,RPD
迨,CKPD
谎,YAYQ
堯,FFFQ
堪,FADN
堦,FXXR
堤,FJGH
堠,FWND
堡,WKSF
堾,FDWJ
调,YMFK
場,FJGR
堵,FFTJ
堰,FAJV
報,FUFC
堍,FQKY
堋,FEEG
堆,FWYG
堇,AKGF
堅,AHNF
堂,IPKF
堃,YYFF
堀,FNBM
堞,FANS
堝,FMNK
堛,FGKL
堘,FUDF
堙,FSFG
堖,FVTQ
堕,BDEF
堑,LRFF
眸,HCRH
眺,HIQN
眼,HVEY
眴,HQJG
眵,HQQY
眶,HAGG
眷,UDHF
眨,HTPY
眩,HYXY
眬,HDXN
眭,HFFG
眯,HOY
眠,HNAN
眡,HQAY
眢,QBHF
眥,HXHF
眦,HHXN
眧,HVKG
眙,HCKG
眚,TGHF
真,FHWU
眈,HPQN
眉,NHD
看,RHF
県,HNIU
眍,HAQY
眎,HFIY
省,ITHF
眄,HGHN
眅,HRCY
眇,HITT
誶,YYWF
锋,QTDH
課,|||||
浠,IQDH
锇,QTRT
調,YMFK
僅,WAKG
僂,WLVG
像,WQJE
锂,QJFG
僊,WSDN
僉,WGKW
浡,IFPB
僖,WFKK
僕,WOGY
僔,|||||
僑,WTDK
僞,WETO
僝,WNBB
僚,WDUI
僧,WULJ
僦,WYIN
僥,WFFQ
僢,WEPH
僡,WGJN
誤,YKGD
僮,WUJF
僭,WAQJ
僬,WWYO
僨,WFAM
僵,WGLG
锝,QJGF
僳,WSOY
僱,WYNY
僰,GMIW
僿,|||||
僾,WEPT
僻,WNKU
價,WSMY
誠,YDNT
誣,YAWW
锖,QGEG
锗,QFTJ
擋,RIPL
誨,YTXU
誕,YTHP
锭,QPGH
誑,YQTG
誓,RRYF
锩,QUDB
亍,FHK
锥,QWYG
誘,YTEN
誚,YIEG
誅,YRIY
誄,YDIY
魏,TVRC
認,YVYN
裝,NHDE
誉,IWYF
锱,QVLG
渝,IWGJ
渟,IYPS
渚,IFTJ
渔,IQGG
渗,|||||
渖,IPJH
渑,IKJN
渐,ILRH
渍,IGMY
渌,IVIY
渎,IFND
渊,ITOH
清,IGEG
渃,IADK
渼,IUGD
渾,IPLH
游,IYTB
渺,|||||
渴,IJQN
渶,IAMD
渲,IPGG
渭,ILEG
測,IMJH
港,IAWN
温,IJLG
渫,IANS
渥,INGF
渤,IFPL
渦,IMNK
渡,IYAC
渠,IANS
渣,ISJG
渢,IMTJ
蜯,JDWH
蜮,JAKG
蜩,JMFK
蜨,JGVH
蜥,JSRH
蜣,JUDN
蜢,JBLG
蜡,JAJG
蜿,JPQB
蜾,JJSY
蜻,JGEG
蜷,JUDB
蜴,JJQR
蜱,JRTF
蜍,JWTY
蜋,JYVE
蜊,JTJH
蜉,JEBG
蜈,JKGD
蜇,RRJU
蜆,JHQN
蜃,DFEJ
蜂,JTDH
蜀,LQJU
蜞,JADW
蜜,PNTJ
蜚,DJDJ
蜘,JTDK
蜗,JKMW
蜖,JMJD
蜕,JUKQ
蜓,JTFP
蜒,JTHP
蜑,THPJ
蜐,JFCL
敷,GEHT
鲚,QGYJ
敵,UMDT
敲,YMKC
鲞,UDQG
鲟,QGVF
鲐,|||||
鲑,QGFF
鲒,QGFK
鲔,QGDE
鲕,QGDJ
數,KGKT
敦,YBTY
鲋,QGWF
敢,|||||
散,AETY
鲎,IPQG
鲀,QGGN
鲁,QGJF
鲂,QGYN
鲃,QGCN
敫,RYTY
鲆,QGGH
鲇,QGHK
敖,GQTY
鲹,QGCE
鲻,QGVL
鲼,QGFM
鲽,QGAS
鲾,QGGL
鲿,QGIC
敞,IMKT
鲱,QGDD
鲲,QGJX
敝,UMIT
敚,UKQT
敛,WGIT
鲶,QGWN
教,FTBT
鲨,IITG
敇,GMIT
故,DTY
敂,QKTY
鲭,QGGE
鲮,QGFT
鲠,QGGQ
敏,TXGT
鲢,QGLP
鲣,QGJF
鲤,QGJF
鲥,QGJF
鲦,QGTS
鲧,QGTI
绩,XGMY
绨,XUXT
绫,XFWT
绪,XFTJ
续,XFND
绯,XDJD
绮,XDSK
绡,XIEG
绠,XGJQ
绣,XTEN
绢,XKEG
绥,XEVG
继,XONN
绦,XTSY
绸,XMFK
绻,XUDB
绺,XTHK
绽,XPGH
综,XPFI
绿,XVIY
绾,XPNN
绱,XIMK
绰,XHJH
绳,XKJN
绲,XJXX
绵,XRMH
维,XWYG
绷,XEEG
绶,XEPC
绉,XQVG
终,XTUY
绋,XXJH
绊,XUFH
绍,XVKG
绌,XBMH
经,|||||
绎,XCFH
绁,XANN
绀,XAFG
练,XANW
绂,XDCY
绅,XJHH
组,XEGG
织,XKWY
细,XLG
给,XWGK
绘,|||||
绛,XTAH
绚,XQJG
绝,XQCN
络,XTKG
统,XYCQ
绞,XUQY
绑,XDTB
绐,XCKG
结,XFKG
绒,XADT
绕,XATQ
绔,XDFN
绗,XTFH
伤,WTLN
徳,TFLN
徵,TMGT
德,TFLN
徹,TYCT
徼,TRYT
徽,TMGT
徠,TSWW
御,TRHB
徦,TNHC
徧,TYNA
徨,TRGG
復,TTJT
循,TRFH
徬,TUPY
徭,TERM
微,TMGT
徐,TWTY
徑,TGVA
徒,TFHY
従,TUHY
徕,TGOY
得,TJGF
徘,TDJD
徙,THHY
徜,TIMK
往,TYGG
征,TGHG
徂,|||||
径,TCAG
待,TFFY
徇,|||||
很,TVEY
徉,TUDH
徊,TLKG
律,TVFH
鯆,QOGY
侥,WATQ
嵬,MRQC
薫,ATGO
锞,QJSY
埔,FGEY
嵴,MIWE
埚,FKMW
靳,AFRH
靴,AFWX
瞄,HALG
瞅,HTOY
瞋,HFHW
耼,BMFG
瞎,HPDK
靼,AFJG
瞌,HFCL
瞍,HVHC
靡,YSSD
靠,TFKD
靣,DLKF
瞑,HPJU
靥,DDDD
靦,|||||
革,AFJ
靨,DJED
瞘,HAKK
靭,AFVY
瞟,HSFI
瞢,ALPH
瞠,HIPF
青,GEF
瞧,HWYO
瞤,HUGG
靖,UGEG
静,GEQH
靛,GEPH
靚,GEHQ
瞬,HEPH
瞭,HDUI
靁,FLLL
瞳,HUJF
靃,FWYY
靄,FYJN
瞵,HOQH
靉,FFCT
瞻,HQDY
瞿,HHWY
瞼,HWGW
瞽,FKUH
豚,EEY
豝,ECN
豐,DHDU
豓,DHDL
豔,DHDL
豕,EGTY
豈,MGKU
豉,GKUC
豌,GKUB
豎,AHNU
豁,PDHK
豆,GKUF
豇,GKUA
豸,EER
豹,EEQY
豺,|||||
豳,EEMK
豨,EQDH
豪,YPEU
豫,CBQE
豯,EEXD
象,QJEU
豢,UDEU
澧,IMAU
澤,ILFF
澣,IFJF
澡,IKKS
伲,WNXN
澮,IWGJ
澪,IFWC
澩,WFQI
澶,IYLG
澳,ITMD
伷,WMG
澼,INKU
澹,IQDY
伶,WWYC
澇,IOOL
澆,IFFQ
澄,IWGU
澂,IMGT
澁,IHHH
澀,IVYH
亱,YWJG
澍,IFKF
澌,IADR
澉,INBT
澈,IYCT
澗,IUJG
伻,WGUH
澐,IFFC
澜,IUGI
澘,ISSJ
螳,JIPF
螲,JPWF
螵,JSFI
螻,JKGV
螺,JLXI
螽,TUJJ
螢,OOPJ
螨,JAGW
螫,FOTJ
螭,JYBC
螬,JGMJ
螯,GQTJ
螓,JDWT
螗,JYVK
螘,JMGU
傖,WWYK
螟,JPJU
螞,JCY
螃,JUPY
螂,JYVB
螅,JTHN
螄,JWNH
螉,JWCN
螈,JDRI
螋,JVHC
融,GKMJ
伦,WWXN
傒,WEXD
傓,WYNN
伫,WPGG
汛,INFH
備,WATE
偉,WNHH
偈,WJQN
佳,WFFG
佴,WBG
併,WUAH
偏,WYNA
偎,WLGE
偁,WEMF
偃,WAJV
佻,WIQN
佼,WUQY
佽,WUQW
佾,WWEG
使,WGKQ
你,WQIY
做,WDTY
佤,WGNN
停,WYPS
佧,WHHY
佩,|||||
偓,WNGF
佫,WTKG
偕,WXXR
佯,WUDH
佐,WDAG
佑,WDKG
体,WSGG
佔,WHKG
何,WSKG
佗,WPXN
佘,WFIU
余,WTU
佚,WRWY
偢,WTOY
作,WTHF
佝,WQKG
佞,WFVG
佟,WTUY
佀,WHNN
佁,WCKG
偻,WOVG
佃,WLG
偽,WYTO
偿,WIPC
偾,WFAM
偱,WRFH
偰,WDHD
佊,WHCY
偲,WLNY
偵,WHMY
位,WUG
偷,WWGJ
偶,WJMY
优,WDNN
伟,WFNH
傩,WCWY
企,WHF
祷,PYDF
祺,PYAW
祸,PYKW
祼,PYJS
祢,PYQI
祠,PYNK
祧,PYIQ
祥,PYUD
票,SFIU
祯,PYHM
伉,WYMN
祭,WFIU
祓,PYDC
祐,PYDK
祗,PYQY
祖,PYEG
祛,PYFC
祚,PYTF
祟,BMFI
神,PYJH
祝,PYKQ
祜,|||||
祃,PYCG
祁,PYBH
祀,PYNN
祇,PYQA
祆,PYGD
祋,PYMC
祊,PYYN
祉,|||||
祈,PYRH
祎,PYFH
齡,|||||
湯,IJGR
銜,TQFH
嘁,KDHT
湻,IYJG
書,VFJF
曹,GMAJ
曼,JLCU
鰧,EUDO
曾,ULJF
替,FWFJ
曰,JHNG
曱,JHK
鰨,QOJN
鰩,QOEM
更,GJQI
曷,JQWN
鰲,GQTO
曩,JYKE
鰱,QOLP
曬,JGMX
鰷,QOWS
鰵,TXGO
曠,JYAW
鰻,QOJC
鰹,QOAF
鰾,QOSI
曦,JUGT
曙,JLFJ
曛,JTGO
曜,JNWY
曝,JJAI
鰈,QOAS
鰉,QORG
鰏,QOGL
曖,JEPT
鰍,QOTO
鰒,QOTT
鰓,QOLN
鰐,QOKN
曌,JEPA
鰕,QONC
曄,JAGF
鰟,QOUY
曇,JFFC
瘄,UAJD
铺,QGEY
铹,QAPL
铸,QDTF
铿,QJCF
链,QLPY
铽,QANY
瘃,UEYI
铳,QYCQ
铲,QUTT
铱,QYEY
铰,QUQY
铷,QVKG
银,QVEY
瘊,UWND
瘋,UMTJ
铫,QIQN
铪,QWGK
瘖,UUJD
铨,QWGG
铯,QQCN
铮,QQVH
铭,QQKG
铬,QTKG
铣,QTFQ
瘝,ULII
铡,QMJH
铠,QMNN
铧,QWXF
瘙,UCYJ
铥,QTFC
铤,QTFP
瘤,UQYL
瘥,UUDA
瘦,UVHC
铘,QAHB
铟,QLDY
瘡,UWYK
瘢,UTEC
铜,QMGK
瘭,USFI
铑,QFTX
铐,QFTN
铗,QGUW
瘩,UAWK
瘪,UTHX
瘫,UCWY
瘴,UUJK
瘵,UWFI
铉,QYXY
铈,QYMH
瘰,ULXI
铎,QCFH
铍,QHCY
铌,QNXN
瘼,UAJD
铂,QRG
铁,QRWY
铀,QMG
瘸,ULKW
铆,|||||
铅,QMKG
铄,QQIY
賢,AHNM
賣,FLMU
賠,|||||
賡,YVWM
賦,MGAH
賧,MOOY
賤,MAAT
質,RRMU
賫,FWWM
賬,MDEY
賭,MFTJ
賴,GKIM
賺,MUVO
賻,MGEF
賾,AHKM
購,MFJF
賽,PFJM
賂,MTKG
賃,WTFM
賀,LKMU
賁,FAMU
資,UQWM
賄,MDEG
賅,MYNW
賊,MADT
賈,SMU
賉,MTLG
賒,MWFI
賓,PGIM
賑,MDFE
賕,MFIY
賚,SWWM
賛,FWFM
賞,IPKM
賜,MJQR
强,XKJY
池,|||||
弹,XUJF
弼,XDJX
弳,XGVA
弱,XUXU
強,XCJY
張,XDEY
弪,XCAG
弨,XVKG
弩,VCXB
弯,|||||
弭,XBG
弢,XBHC
张,XTAY
弦,XYXY
弧,XRCY
弥,XQIY
弛,XBN
弘,XCY
弟,UXHT
弝,XCN
隰,BJXO
弓,XNGN
弑,QSAA
弗,XJK
弔,XHK
引,XHH
弊,UMIA
弋,AGNY
弈,YOAJ
式,AAD
异,NAJ
弃,YCAJ
开,GAK
弁,CAJ
弇,WGKA
弄,GAJ
黌,WFQW
钻,QHKG
等,TFFU
筏,TWAR
欄,SUGI
俺,WDJN
埒,FEFY
俸,WDWH
俾,WRTF
埕,FKGG
欸,CTDW
俲,WUQL
筇,TABJ
埙,FKMY
俱,WHWY
域,FAKG
埝,FWYN
俵,WGEY
俪,WGMY
埂,FGJQ
俨,WGOD
俩,WGMW
修,|||||
俯,WYWF
俭,WWGI
埋,FJFG
欽,QQWY
俠,WDWW
信,WYG
埏,FTHP
城,FDNT
俤,WUXT
俥,WLH
俚,WJFG
俘,WEBG
執,FUFY
俟,WCTD
俜,WMGN
筚,TXXF
俓,WGVA
培,FUKG
埸,FJQR
俗,WWWK
埽,FVPH
俊,WCWT
埡,FGHG
埠,FWNF
俎,WWEG
俏,WIEG
埤,FRTF
促,WKHY
俆,WWTY
埭,FVIY
俅,WFIY
欲,WWKW
黯,LFOJ
鱟,WFQO
暾,JYBT
鱗,QOOH
黻,OGUC
暴,JAWI
欣,RQWY
欤,GNGW
欧,AQQW
鱈,QOFV
騖,CBTC
伐,WAT
騏,CADW
騃,CCTD
迩,QIPI
鱺,QOGX
筴,TDWW
暑,JFTJ
漩,IYTH
漫,IJLC
漪,IQTK
漭,IADA
漬,IGMY
漯,ILXI
漠,IAJD
漣,ILPY
漤,ISSV
漦,FITI
漸,|||||
漽,INIH
漿,NHDI
漾,IUGI
漱,IGKW
漳,IUJH
漲,|||||
漶,IKKN
漉,IYNX
詶,YYTH
漏,INFY
漁,IQOY
漂,ISFI
漆,ISWI
漘,IDFE
漚,IAKK
漓,IYBC
漕,IGMJ
演,IPGW
萹,|||||
萸,AVWU
落,AITK
萼,AKKN
萲,AEFC
萱,APGG
萵,AMNK
萩,ATOU
萨,ABUT
萮,AWGJ
萭,ATKY
萬,AJMY
萧,AVIJ
鱧,QOMU
营,APKK
萤,APJU
萘,ADFI
萝,ALQU
萜,AMHK
萑,AWYF
萐,AGVH
萋,AGVV
萊,ASWW
萏,AQVF
萎,|||||
萍,AIGH
萌,AJEF
萃,AYWF
萁,AADW
鱢,QOKS
萇,ADEU
萆,ARTF
萅,AGBJ
萄,AQRM
鶥,NHWO
鶬,WYVO
惇,NYBG
瞀,CBTH
鶴,PWYO
鶵,QBTO
鶼,UVOO
鶿,UXXO
瞇,HOPY
鶇,GJIO
鶏,EFWO
鶉,YBWO
鶓,ALWO
鶚,KKFO
時,|||||
晃,JIQB
晁,JIQB
晄,JIQN
晅,JGJG
晊,JGCF
晋,GOGJ
晉,GCCJ
晏,JPVF
晌,JTMK
晒,JSG
晓,JATQ
晖,JPLH
晗,JWYK
晔,JWXF
晕,JPLJ
晚,JQKQ
晙,JCWT
晞,JQDH
晟,JDNT
晝,VFJG
瞒,HAGW
晡,JGEY
晦,JTXU
晤,JGKG
瞓,HYKH
晨,JDFE
普,UOGJ
景,JYIU
詧,WYF
晳,SRJF
晰,JSRH
面,|||||
晶,JJJF
晷,JTHK
晴,JGEG
智,TDKJ
晻,JDJN
晾,JYIY
扳,RRCY
扰,RDNN
馗,VUTH
扶,RFWY
瞞,HAMY
称,TQIY
秽,TMQY
馘,UTHG
秾,TPEY
秸,TFKG
移,TQQY
承,BDII
秤,TGUH
秧,TMDY
秦,DWTU
秣,TGSY
秭,TTNT
积,TKWY
秩,TRWY
秫,TSYY
秕,TXXN
秔,TYMN
秖,TQAN
科,TUFH
秒,TITT
租,TEGG
瞥,UMIH
秘,TNTT
秛,THCY
瞪,HWGU
秆,TFH
私,TCY
秀,TEB
秃,TMB
种,TKHH
秌,OTY
秉,TGVI
秈,TMH
秋,TOY
馁,QNEV
庾,YVWI
瞩,HNTY
詬,YRGK
庹,YANY
庻,YAWW
庵,YDJN
庶,YAOI
康,YVII
庳,YRTF
庭,YTFP
庯,YGEY
庫,YLK
庥,YWSI
度,YACI
座,YWWF
庠,YUDK
鹈,UXHG
府,YWFI
庞,YDXV
废,YNTY
庙,YMD
庚,YVWI
应,YID
底,YQAY
庖,YQNV
店,YHKD
庐,YYNE
庑,YFQV
库,YLK
序,YCBK
馊,QNVC
床,YSI
庋,YFCI
庄,YFD
庆,YDI
扭,RNFG
庀,YXV
扒,RWY
靈,FKKW
皃,RQB
馥,TJTT
馭,CCY
馮,|||||
馨,FNMJ
詔,YVKG
隕,BKMY
邨,GBNB
氇,TFNJ
邯,AFBH
詖,YHCY
氌,TFNJ
氏,QAV
氕,RNTR
气,RNB
邻,|||||
鑽,QTFM
鑼,QLXY
鑿,OGUQ
鑾,XYXQ
鑹,QPWN
皋,RDFJ
皈,RRCY
鑵,QAKY
皇,RGF
的,RQYY
鑶,QADT
鑱,QQKY
鑰,QWGA
皀,RXB
皁,RFJ
鑭,|||||
鑮,QAIF
皚,RMGU
鑫,QQQF
鑪,QHAL
鑥,QQOJ
鑤,QJAI
皕,DJDJ
鑠,QXRS
皐,RIFJ
皑,RMNN
皮,HCI
鑛,QYAW
鑚,QFWM
邴,GMWB
皤,RTOL
鑑,QAHL
鑐,QFDJ
鑒,AHNQ
皿,LHNG
皺,QBTC
皻,HAEC
皸,PLHC
鑊,QAWC
皷,FKUC
皴,CWTC
皲,PLHC
皰,HCQN
皱,QVHC
赤,FOU
赦,FOTY
赧,FOBC
赠,MULJ
赡,MQDY
赢,YNKY
赣,UJTM
鋟,QVPC
氧,|||||
赪,FOHM
赫,FOFO
赴,FHHI
赵,FHQI
赶,FHFK
起,FHNV
走,FHU
赳,FHNH
资,UQWM
赅,MYNW
赆,MNYU
赇,MFIY
赀,HXMU
赁,WTFM
赂,MTKG
赃,MYFG
赌,MFTJ
赍,FWWM
赎,MFND
氢,RNCA
赈,MDFE
赉,GOMU
赊,MWFI
赋,MGAH
赔,MUKG
赕,MOOY
赖,GKIM
赐,MJQR
赑,MMMU
赓,YVWM
赜,AHKM
諮,YUQK
赞,TFQM
赟,YGAM
赘,GQTM
赙,MGEF
赚,MUVO
赛,PFJM
梳,SYCQ
梱,SLSY
械,SAAH
梶,|||||
梵,SSMY
還,LGKP
梿,SLPY
梾,SGOY
梽,SFNY
梼,SDTF
梣,SMWN
諢,YPLH
梡,SPFQ
梧,SGKG
梦,SSQU
梫,SVPC
梨,TJSU
梯,SUXT
梭,SCWT
梓,SUH
梐,SXXF
梗,SGJQ
梔,|||||
諦,YUPH
梘,SHQN
梟,TVGS
條,WHTS
梃,STFP
梁,IVWS
梆,SDTB
梅,STXU
梏,STFK
邝,YBH
蒽,ALDN
蒼,AWYK
蒿,AYMK
蒾,AOPU
蒹,AUVO
蒸,ABIO
蒻,AXUU
蒺,AUTD
蒴,AUBE
氲,RNJL
蒲,AIGY
蒬,APQY
蒯,AEEJ
鋰,QJFG
蒨,AWGE
蒡,AUPY
蒝,ADRI
蒜,AFII
蒟,AUQK
蒞,AIWU
蒙,APGE
蒗,AIYE
蒓,AXGN
邕,VKCB
蒍,AYTO
蒌,AOVF
蒎,AIRE
蒉,AKHM
蒈,AXXR
蒋,AUQF
蒇,ADMT
蒂,AUPH
鋸,QNDG
諏,YBCY
块,FNWY
坑,FYMN
坐,WWFF
坝,FMY
坜,|||||
坟,FYY
坞,FQNG
买,NUDU
乱,TDNN
坛,FFCY
坚,JCFF
均,FQUG
址,FHG
坂,FRCY
坍,FMYG
坌,WVFF
书,NNHY
坎,FQWY
习,NUD
乡,|||||
坊,FYN
乜,NNV
九,VTN
乞,TNB
坶,FXGU
乘,TUXV
乙,NNLL
坳,|||||
乔,TDJJ
坼,FRYY
乖,TFUX
乗,TGAS
乐,QII
坻,FQAY
談,YOOY
乌,QNGD
坤,FJHH
乎,TUHK
乏,TPI
么,TCU
諄,YYBG
之,PPPP
坭,FNXN
久,QYI
坯,FGIG
乇,TAV
坩,FAFG
坨,FPXN
坫,FHKG
坪,FGUH
詆,YQAY
硼,DEEG
硷,DWGI
硶,DMWN
硵,DHLQ
詈,LYF
硯,DHQN
确,DQEH
硭,DAYN
硬,DGJQ
硫,DYCQ
硪,DTRT
硨,DLH
硤,DDWW
硝,DIEG
硚,DTDJ
硗,DATQ
硖,DGUW
硕,|||||
硒,DSG
硐,DMGK
硏,DFTF
硎,DGAJ
硌,DTKG
硇,DTLQ
硅,DFFG
础,DBMH
姵,VMGH
歜,LQJW
拮,RFKG
閌,UYMV
歙,WGKW
歎,AKFW
歌,SKSW
彝,XGOA
鴯,DMJO
鴬,IPWO
鴨,LWVO
鴦,MDWO
歉,UVOW
鴣,DWVO
拢,RDXN
鴿,WGKO
鴻,IAWO
鴳,PVWO
鴰,TDWO
鴉,AHTO
鴆,PQWO
鴇,XFWO
釕,|||||
歃,TFVW
閉,UFTE
鴟,QAYO
鴝,QKWO
鴛,QBWO
崛,MNBM
鴕,WVGX
柄,SGMW
柀,|||||
柁,|||||
柃,SWYC
柏,SRG
柈,SUFH
柊,|||||
崟,MQF
柔,CBTS
某,AFSU
柑,SAFG
柒,IASU
染,IVSU
柜,SANG
柝,SRYY
柞,STHF
柟,SMFG
柘,SDG
柙,SLH
柚,SMG
查,SJGF
柠,SPSH
歸,WNNH
柢,SQAY
柬,GLII
柯,SSKG
柩,SAQY
柴,HXSU
崁,MFQW
柰,SFIU
柱,SYGG
柲,SNTT
柳,SQTB
柽,SCFG
柿,SYMH
柹,STNT
焐,OGKG
焓,OWYK
焕,OQMD
焖,OUNY
焗,ONNK
焘,DTFO
焙,OUKG
焚,SSOU
焜,OJXX
焉,|||||
焊,OJFH
焰,OQVG
焱,OOOU
然,QDOU
無,RLGO
焦,WYOU
歪,GIGH
焯,OHJH
闇,UUJD
路,KHTK
闅,UHHC
闃,UHDI
跫,AMYH
跨,KHDN
跤,KHUQ
闌,UGLI
闋,UWGD
跣,KHTQ
闈,UNHH
闖,UCI
闕,UUBW
跽,KHNN
跺,KHMS
跻,KHYJ
跸,|||||
跹,KHTP
闞,UNBT
跴,KHSG
践,KHGT
闚,UFWQ
跎,|||||
跏,KHLK
跌,KHRW
麻,YSSI
跋,KHDC
闡,UKKF
闯,|||||
问,UKD
闭,UFTE
闫,UDD
闪,UWI
闩,UGD
麽,YSSC
跞,KHQI
跟,KHVE
闵,UYI
距,KHAN
跚,KHMG
跛,KHHC
闱,UFNH
闰,UGD
跖,KHDG
闾,UKKD
闽,UJI
麿,YSSK
闻,UBD
闺,UFFD
闹,UYMH
跑,KHQN
劭,VKLN
針,QFH
帆,MHMY
帅,JMHH
市,YMHJ
布,DMHJ
帀,GMHK
币,TMHK
帏,MHFH
希,QDMH
帋,QAMH
师,JGMH
帖,MHHK
帔,MHHC
帕,MHRG
帐,MHTY
帑,VCMH
帜,MHKW
帝,UPMH
帚,VPMH
帛,RMHJ
帘,PWMH
帙,MHRW
带,GKPH
帧,MHHM
帥,WNNH
帮,DTBH
帬,VTKH
席,YAMH
師,WNNH
帶,AQPH
帷,MHWY
帳,MHDE
帱,MHDF
帼,MHLY
崭,MLRJ
帻,MHGM
常,IPKH
囟,TLQI
回,LKD
囝,LBD
四,LHNG
囚,LWI
囗,LHNG
囓,KDHB
囑,KNIJ
囏,AKFK
囊,GKHE
囈,KAFC
囅,KKJE
囁,KBBB
囀,KLGF
囿,LDED
图,LTUI
国,LGYI
固,LDD
囹,LWYC
囵,LWXV
围,LFNH
囱,TLQI
困,LSI
囯,LGD
园,LFQV
囬,MJDD
囫,LQRE
囥,LYMV
囤,LGBN
团,LFTE
囡,LVD
因,LDI
佰,WDJG
劇,|||||
偌,WADK
佶,WFKG
假,WNHC
馀,|||||
佣,WEH
龅,HWBN
偝,WUXE
佥,WGIF
蔄,AUKF
蔃,AXKJ
蔀,AUKB
蔌,AGKW
蔊,AOJF
蔗,AYAO
蔕,AAQH
蔔,AQGL
蔓,AJLC
蔑,ALDT
蔟,AYTD
蔞,|||||
蔜,AGQT
佪,WLKG
蔘,ACCE
蔦,AWVO
蔥,ATLN
蔤,APNM
蔣,ANHF
蔢,AIHV
蔡,AWFI
佬,WFTX
蔭,ABWC
蔬,ANHQ
蔫,AGHO
蔷,AFUK
蔴,AYSS
蔽,AUMT
蔼,AYJN
蔻,APFC
蔺,AUWY
蔹,AWGT
蔸,AQRQ
偪,WGKL
偬,WQRN
馍,QNAD
仆,WHY
仇,WVN
赭,FOFJ
仅,WCY
仂,WLN
栰,SWAT
栳,SFTX
仁,WFG
栽,FASI
格,STKG
仍,WEN
今,WYNB
核,SYNW
仉,WMN
他,WBN
仗,WDYY
仔,WBG
仕,WFG
校,SUQY
仓,|||||
仑,WXB
仞,WVYY
仟,WTFH
仝,|||||
栩,SNG
付,WFY
株,SRIY
令,WYCU
栖,SSG
树,SCFY
代,WAY
栓,SWGG
仡,WTNN
栝,STDG
们,WUN
仪,WYQY
仫,WTCY
仨,WDG
栅,SMMG
价,WWJH
标,SFIY
栆,GKHU
栁,SQBH
仳,WXXN
仰,WQBH
仿,WYN
栏,SUFG
栎,SQIY
栉,SABH
任,WTFG
栋,SAIY
栊,SDXN
但,WJGG
踢,KHJR
馈,QNKM
佇,WPSH
佌,WHXN
側,WMJH
低,WQAY
住,WYGG
骰,MEMC
骱,MEWJ
骳,MEHC
骴,MEHX
骶,MEQY
骷,MEDG
骸,MEYW
骺,MERK
磊,DDDF
骼,METK
骾,MEGQ
骠,CSFI
骡,CLXI
骢,CTLN
骣,CNBB
磕,DFCL
骥,CUXW
骧,CYKE
磙,DUCE
磚,DGJF
骯,MEYM
骐,CADW
骑,CDSK
骒,CJSY
骓,CWYG
骖,CCDE
骗,CYNA
骘,BHIC
磨,YSSD
骚,CCYJ
骛,CBTC
骜,GQTC
骝,CQYL
骞,PFJC
骟,CYNN
骀,CCKG
骁,CATQ
骂,KKCF
磲,DIAS
骄,CTDJ
磴,DWGU
骆,CTKG
骇,CYNW
骈,CUAH
骉,CCCF
骊,CGMY
骋,CMGN
验,CWGI
骏,CCWT
李,SBF
杏,SKF
杌,SGQN
杈,SCYY
杉,SET
杆,SFH
杇,SFNN
杂,VSU
权,SCY
杀,QSU
杞,SNN
束,GKII
杜,SFG
杖,SDYY
杓,SQYY
材,SFTT
村,SFY
杯,SGIY
杭,SYMN
杪,SITT
杨,SNRT
杩,SCG
杧,SYNN
来,GOI
杠,SAG
条,|||||
松,SWCY
板,SRCY
杼,SCBH
杻,SNFG
杷,SCN
杴,SQWY
杵,STFH
杲,JSU
杳,SJF
杰,SOU
東,GJII
費,XJMU
貶,MTPY
鏘,QNHF
嶌,MWVO
嶁,MKGV
嶂,MUJH
嶃,MLRH
嶄,MLRJ
嶅,GQTM
嶇,|||||
嶙,MOQH
嶝,MWGU
嶒,MULJ
嶓,MTOL
嶔,MQQW
嶗,MOOL
嶪,MOGW
嶮,MWGW
嶠,MTDK
嶧,MLFF
嶸,MOOS
嶺,MWYM
嶼,MWFW
嶽,MQTD
嶴,TMOM
嶷,MXTH
鷉,RHAO
熛,OSFI
熘,OQYL
熙,AHKO
熟,YBVO
熒,OOPO
熗,OWYK
熔,OPWK
熊,CEXO
熈,TAHO
熏,TGLO
熇,OYMK
熄,OTHN
熺,OFKK
熹,|||||
熾,OUAJ
熳,OJLC
熱,FWFO
熵,OUMK
熨,NFIO
熬,GQTO
熠,ONRG
镉,QGKH
話,YTDG
該,YYNW
詳,YUDH
镍,QTHS
詵,YTFQ
镏,QQYL
镎,QWGR
镁,QUGD
詹,QDWY
镂,QOVG
镅,QNHG
镄,|||||
镇,QFHW
詿,YFFG
詠,YYNI
詡,YNG
詢,YQJG
镚,QMEE
镝,QUMD
镜,QUJQ
試,YAAG
镞,QYTD
镑,QUPY
詩,YFFY
镓,QPEY
詫,YPTA
镕,QPWK
詭,YQDB
詮,YWGG
镖,QSFI
镩,QPWH
镨,QUOJ
镫,QWGU
镪,QXKJ
镭,QFLG
镬,QAWC
镯,QLQJ
鯮,QOPI
詘,YBMH
镣,QDUI
镢,QDUW
镥,QQGJ
镤,QOGY
詞,YNGK
镦,QYBT
詁,YDG
长,TAYI
镱,QUJN
镰,QYUO
镳,QYNO
镲,QPWI
镵,QQKY
長,|||||
镶,QYKE
榿,SMGU
榼,SFCL
榻,SJNG
榷,SPWY
榴,SQYL
榲,SLWL
榱,SYKE
榮,OOPS
榭,STMF
榫,SWYF
榪,SCY
榨,SPWF
榧,SADD
榠,SPJU
榜,SUPY
榛,SDWT
榘,TDAS
榖,FPTC
榕,SPWK
榔,SYVB
笕,TMQB
榎,SDHT
榍,SNIE
榊,SPYH
榉,SIWH
榈,SUKK
榇,SUSY
榆,SWGJ
榄,SJTQ
概,SVCQ
榀,SKKK
鯝,QOLD
笫,TTNT
第,TXHT
赏,IPKM
噠,KFUP
噢,KTMD
噥,KMAE
噤,KSSI
噦,KHDT
噩,GKKK
器,KKDK
噫,KUJN
噪,KKKS
噬,KTAW
噯,KEPT
噱,KHAE
噲,KWGJ
噴,KFAM
噶,KAJN
噸,KGBM
噻,KPFF
噼,KNKU
噁,KGHN
噀,KNNW
噇,KUJF
噉,KNBT
噍,|||||
噌,KULJ
噎,KFPU
噑,KRIF
噔,KWGU
噗,KOGY
噙,KWYC
噘,|||||
噛,KHOB
噝,KXXI
噜,KQGJ
薉,AHDT
薈,AWGJ
薋,AUQM
薊,AQOJ
薌,AXTB
薏,AUJN
薁,ATMD
薅,AVDF
薄,AIGF
薇,ATMT
薆,AEPT
薙,ATDY
薛,AWNU
薜,ANKU
薟,AWGW
露,FKHK
薗,ALFE
薩,ABUG
薨,|||||
敬,AQKT
薪,AUSR
薬,ARIS
薯,ALFJ
薮,AOVT
薢,AQEH
薤,AGQG
薹,AFKF
薺,AYVF
薰,ATGO
薳,AFKP
薴,APNS
薷,AFDJ
霽,FYVF
癉,UKKF
霧,FCBL
癜,UNAC
鄃,WGEB
霖,FSSU
霓,FVQB
霞,FNHC
癭,UMMV
筋,TELB
騸,CYNN
騾,CLXI
筍,|||||
筌,TWGF
騰,EUDC
騶,CQBT
騷,CCYJ
筅,TTFQ
筛,TJGH
騫,PFJC
筘,TRKF
騮,CQYL
筞,TPSU
筝,TQVH
騭,BHIC
筒,TMGK
筑,TAMY
筐,TAGF
策,TGMI
答,TWGK
筩,TCEJ
騙,CYNA
筯,TEGL
筮,TAWW
筭,TGAJ
筢,TRCB
騐,CWYN
筠,TFQU
筧,THQB
筻,TGJQ
筹,TDTF
騎,CDSK
签,TWGI
騍,CJSY
筲,TIEF
筱,TWHT
騁,CMGN
筷,TNNW
筵,TTHP
騅,CWYG
惑,AKGN
惔,NOOY
惕,NJQR
惘,NMUN
惚,NQRN
癰,UVKY
惜,NAJG
惝,NIMK
惟,NWYG
情,NGEG
惆,NMFK
霏,FDJD
惊,NYIY
惋,NPQB
惏,NSSY
惰,NDAE
惲,NPLH
想,SHNU
惴,NMDJ
惶,NRGG
惷,DWJN
惹,ADKN
惺,NJTG
惻,NMJH
惼,NYNA
惠,GJHN
惡,GHGN
惥,VWNU
惦,NYHK
惧,NHWY
惨,NCDE
惩,TGHN
惪,FHNU
惫,TLNU
惬,NAGW
惭,NLRH
惮,NUJF
惯,NXFM
瀜,IGKJ
瀝,IDTH
瀟,IAVH
瀘,IHAL
瀚,IFJN
瀛,IYNY
瀕,IHIM
瀖,IFWY
瀐,IFAG
瀑,IJAI
瀌,IYNO
瀍,IYJF
瀏,IQYJ
瀉,IPVO
瀅,IOOY
瀆,IFLM
瀼,IYKE
瀾,|||||
瀿,ITXI
瀹,IWGA
瀵,IOLW
瀷,INLW
瀲,IWGT
侽,|||||
瀨,IGKM
瀧,IUED
瀠,|||||
瀣,IHQG
諺,YUTE
鋒,QTDH
諸,YFTJ
倅,WYWF
諾,YADK
諼,YEFC
諳,YUJG
諱,YNHH
諶,YADN
鋞,QGVA
鋝,QEFY
鋜,QKHY
鋃,QYVE
諫,YGLI
鋇,QMY
鋆,|||||
鋅,|||||
諭,YWGJ
鋋,QTHP
鋈,ITDQ
鋏,QDWW
諧,YXXR
諤,YKKN
鋌,QTFP
諛,YVWY
鋱,QANY
諙,YQAJ
諞,YYNA
鋶,QYCQ
諜,YANS
諒,YYIY
鋹,QDEY
諑,YEYY
論,YWGA
諗,YWYN
諔,YHIC
鋣,QAHB
請,YGEG
諉,YTVG
鋦,QNNK
鋥,QKGG
鋤,QEGL
諂,YQVG
鋪,QGEY
鋨,QTRT
鋯,QTFK
鋮,QDNT
鋭,QUKQ
遭,GMAP
倘,WIMK
瞰,HNBT
遮,YAOP
倗,WEEG
汎,IMYY
倔,WNBM
侩,WWFC
颌,WGKM
求,FIYI
侪,WYJH
崖,MDFF
崗,MMUM
崔,MWYF
崕,MDFF
汆,TYIU
崘,MWGA
崙,MWGA
崞,MYBG
倬,WHJH
汇,IAN
崂,MAPL
崃,MGOY
崀,MYVE
侖,|||||
崆,MPWA
崇,MPFI
倪,WVQN
崎,MDSK
崍,MSWW
遽,HAEP
侓,WVFH
崴,MDGT
崵,MJGR
崾,MSVG
崽,MLNU
依,|||||
崦,MDJN
崧,MSWC
崤,MQDE
崩,MEEF
崮,MLDF
選,NNAP
遺,KHGP
倣,|||||
汐,IQY
倾,WXDM
债,WGMY
汕,IMH
嗫,KBCC
汪,IGG
嗩,KIMY
嗨,KITU
侃,|||||
嗬,KAWK
嗣,KMAK
嗡,KWCN
嗦,KFPI
嗥,KRDF
嗤,KBHJ
汩,IJG
嗽,KGKW
嗳,KEPC
嗲,KWQQ
嗷,KGQT
嗶,KJAF
嗵,KCEP
嗉,KGXI
嗏,KAWS
嗎,KCY
嗍,KUBE
嗌,KUWL
嗁,KRHM
嗇,FWWK
嗆,KWYK
嗅,KTHD
嗄,KDHT
嗚,KWNO
嗟,KUDA
嗝,KGKH
嗜,KFTJ
嗓,KCCS
嗒,KAWK
嗑,KFCL
嗖,KVHC
嗔,KFHW
遞,RHAP
萦,APXI
違,NHKP
達,FUDP
遗,KHGP
汶,IYY
道,UTHP
舒,WFKB
舐,TDQA
舖,WFKY
舔,TDGN
舛,QAHH
舘,WFKN
舟,TEI
舞,RLGH
舝,NHVH
舜,EPQH
舂,DWVF
舁,VAJ
舀,EVF
與,WFGW
舆,WFLW
舅,VLLB
舄,VQOU
舋,WFMG
舊,AWYV
舉,WFGH
興,WFMW
舍,WFKF
舌,TDD
舳,TEMG
舱,TEWB
舰,TEMQ
舷,TEYX
舶,TERG
舵,TEPX
舴,TETF
舻,TEHN
船,TEMK
舸,TESK
舾,TESG
舣,TEYQ
舢,TEMH
舡,TEAG
舫,TEYN
航,TEYM
舩,TEWC
舨,TERC
舯,TEKH
舭,TEXX
般,TEMC
敍,|||||
鳎,QGJN
需,FDMJ
椁,SYBG
椅,SDSK
椇,SHWY
椆,SMFK
椋,SYIY
植,SFHG
椏,SGHG
椎,SWYG
椑,SRTF
椐,SNDG
椒,SHIC
椗,SPGH
椟,SFND
椠,LRSU
椤,SLQY
椭,SBDE
椰,SBBH
椴,SWDC
椶,SQBT
椹,SADN
懽,NAKY
椽,SXEY
椿,SDWJ
椾,SUEJ
篌,TWND
築,TAMS
鮹,QOIE
篅,TMDJ
範,TLBB
篇,TYNA
篆,TXEU
篁,TRGF
節,TVCB
篝,TFJF
鮭,QOFF
鮮,QOUD
篞,TIJF
篙,TYMK
篘,TQBT
鮪,QODE
鮫,QOUQ
鮧,QOGW
篑,TKHM
鮡,QOIQ
篓,TOVF
曽,ULJF
鮝,UDQO
鮞,QODJ
鮟,QOPV
篩,TWNH
鮚,QOFK
篪,TRHM
篥,TSSU
篤,TCU
鰥,QOLI
篡,THDC
鮑,QOQN
鮒,QOWF
鮓,QOTF
鮌,QOYX
篼,TQRQ
鮎,QOHK
篾,TLDT
篸,TCCE
鮊,QORG
鮅,QONT
篷,TTDP
鮀,QOPX
篰,TUKB
篳,TJAF
鮃,QOGH
恚,FFNU
曳,JXE
恝,DHVN
恒,NGJG
恐,AMYN
恕,VKNU
恋,YONU
恍,NIQN
恂,NQJG
恃,NFFY
恁,WTFN
恆,|||||
恺,NMNN
恻,|||||
恸,NFCL
恹,NDDY
恿,CENU
恼,NYBH
恽,NPLH
恳,VENU
恰,NWGK
恶,GOGN
恪,NTKG
恫,NMGK
恨,|||||
恩,LDNU
息,THNU
恬,NTDG
恭,AWNU
恢,NDOY
恣,UQWN
恠,NDHF
恡,NQDC
恧,DMJN
恤,NTLG
恥,BNY
撣,RKKF
鹄,TFKG
撡,RCCN
鰺,QOCE
曡,JJJG
撥,RWXC
鹂,GMYG
兆,IQV
撩,RDUI
寃,PQKY
寂,PHIC
寇,PFQC
密,PNTM
寅,PGMW
寄,PDSK
寍,PNLF
富,PGKL
寓,PJMY
寒,PFJU
寐,|||||
鹋,ALQG
寛,PAHQ
鰆,QODJ
撬,RTFN
察,PWFI
寞,PAJD
寝,PUVC
撳,RQQW
寡,PDEV
寧,PNLS
實,PXFM
寥,PNWE
寤,PNHK
審,PTOL
寨,PFJS
寮,PDUI
寬,PAHY
寳,PGQM
寰,PLGE
寶,PGRM
寵,|||||
寻,VFU
撷,RFKM
对,CFY
寸,FGHY
寿,DTFU
导,NFU
撺,RPWH
曈,JUJF
撸,RQGJ
撾,RMNP
撼,RDGN
岔,WVMJ
岖,MAQY
岗,MMQU
岐,MFCY
岑,MWYN
撂,RLTK
岜,MCB
岞,MTHF
岘,MMQN
岙,TDMJ
岚,MMQU
岛,QYNM
岁,MQU
岂,MNB
岌,MEYU
岍,MGAH
岈,MAHT
岵,MDG
岷,MNAN
鹣,UVOG
岳,RGMJ
岽,MAIU
岿,MJVF
岸,MDFJ
岡,MUMK
岢,MSKF
岣,MQKG
岬,MLH
岭,MWYC
岩,MDF
岫,MMG
鹮,LGKG
篚,TADD
撓,RFFQ
鮠,QOQB
撖,RNBT
撕,RADR
篯,TQGR
篮,TJTL
抵,RQAY
撙,RUSF
鹹,HLQT
篦,TTLX
鮐,QOCK
饝,WYVD
掰,|||||
掼,RXFM
饔,YXTE
風,MTJI
控,|||||
篱,TYBC
接,RUVG
鮁,QODC
掣,RMHR
篲,|||||
饌,|||||
炤,OVKG
炮,OQNN
炯,OMKG
炬,OANG
炭,MDOU
炫,OYXY
炷,OYGG
恙,UGNU
炳,OGMW
炰,QNOU
炱,CKOU
炼,|||||
炽,OKWY
為,|||||
炻,ODG
炸,OTHF
点,HKOU
炅,JOU
炀,ONRT
炁,AQOU
炎,OOU
炊,OQWY
炉,OYNT
炖,OGBN
炔,ONWY
炕,OYMN
炒,OITT
炜,OFNH
饆,WYVF
炙,|||||
鉕,QAKG
譽,|||||
鉗,QAFG
譴,YKHP
護,YAWC
議,YUGT
鉛,QMKG
鉚,QQTB
鉅,QANG
譯,YLFF
譩,YUJN
譫,YQDY
鉍,QNTT
鉏,QEGG
鉉,QYXY
鉈,QPXN
鉋,QQNN
排,RDJD
譜,YUOJ
鉴,JTYQ
識,YUAJ
譙,YWYO
譚,|||||
鉿,QWGK
饾,QNGU
鉸,QUQY
鉻,QTKG
鉺,QBG
譌,YETO
鉤,QQKG
譎,YCBK
鉦,QGHG
鉢,QSGG
鉭,|||||
鉬,QHG
譆,YFKK
譁,YAGF
瘅,UUJF
饵,QNBG
瘀,UYWU
饶,|||||
瘁,UYWF
掇,RCCC
铼,QGOY
瘌,UGKJ
饪,QNTF
瘍,UJGR
饭,QNRC
掂,RYHK
檉,SBKG
檎,SWYC
瘈,UDHD
檀,SYLG
碃,DGEG
檄,SRYT
铵,QPVG
檜,SWGJ
檑,SFLG
檐,SQDY
檗,NKUS
檔,SIPL
檫,SPWI
檩,SYLI
檨,SUGW
檮,SFNF
瘕,UNHC
檣,SFWK
檠,AQKS
栾,|||||
檦,SSFJ
掊,RUKG
檻,SAHL
瘗,UGUF
檾,OOPS
檳,SPGM
瘐,UVWI
饦,QNTA
檵,SXXN
瘜,UTHN
铢,QRIY
瘟,UJLD
瘘,UOVD
盞,AALF
瘛,UDHN
啭,KLFY
铛,QIVG
啮,KHWB
啫,KFTJ
啪,KRRG
啥,KWFK
啤,KRTF
啧,KGMY
啦,KRUG
啡,KDJD
铙,QATQ
啣,KRHB
啽,KWGA
啼,KUPH
啾,KTOY
啸,KVIJ
啻,UPMK
啵,|||||
瘠,UIWE
啷,KYVB
啶,KPGH
啰,KLQY
铞,QKMH
問,UKD
啉,KSSY
铝,QKKG
啊,KBSK
啄,KEYY
商,UMWK
啁,KMFK
啃,KHEG
啜,KCCC
啟,YNKT
啞,KGHG
铒,QBG
啕,KQRM
啗,KQVG
啖,KOOY
啑,KGVH
啐,KYWF
啓,YNTK
銑,QTFQ
铖,QDNT
醜,|||||
謼,YHAH
铕,QDEG
铋,QNTT
謹,|||||
铊,QPXN
銘,QQKG
孀,VFSH
孃,VYKE
孌,XYXV
孏,VAUI
瘳,UNWE
孕,EBF
孔,BNN
字,PBF
孑,BNHG
子,BBBB
孓,BYI
孝,FTBF
孜,BTY
孟,BLF
孙,BIY
存,DHBD
孛,FPBF
孚,EBF
孥,VCBF
孤,BRCY
学,IPBF
季,TBF
孢,BQNN
孬,GIVB
孮,BPFI
孩,BYNW
孫,BTXI
孪,YOBF
孵,QYTB
謬,YNWE
孱,NBBB
瘺,UNFI
孳,UXXB
孽,AWNB
孼,BTWB
孿,XYXB
瘻,UKGV
孺,BFDJ
芗,AXTR
芑,ANB
芐,AGHU
芒,AYNB
芝,APU
芜,AFQB
芟,AMCU
芙,AFWU
芘,AXXB
芛,AVTR
芚,AGBN
芄,AVYU
芇,AMHJ
芃,AMYU
节,ABJ
芍,AQYU
芏,AFF
芎,AXB
芈,GJGH
芋,AGFJ
芊,ATFJ
芴,AQRR
芷,AHF
花,AWXB
芰,AFCU
芳,AYB
芽,AAHT
芾,AGMH
芹,ARJ
芸,AFCU
芻,QBTT
芺,ATDU
芥,AWJJ
芤,ABNB
芧,ACBJ
芦,AYNR
芡,AQWU
謡,YERM
芢,AWFF
芭,ACB
芬,AWVB
芯,ANU
芮,AMWU
芩,AWYN
芨,AEYU
芫,AFQB
芪,AQAB
銲,QJFH
謖,|||||
銻,QUXT
逴,HJPK
逵,|||||
銣,QVKG
逸,QKQP
謊,YAYQ
銨,QPVG
銪,QDEG
逢,TDHP
銫,QQCN
涞,IGOY
涝,IAPL
銮,YOQF
逦,GMYP
穗,TGJN
穑,TFUK
穐,TQJN
穞,TQGJ
穇,TCCE
穆,TRIE
穅,TYVI
穂,TGMN
穀,FPGC
穎,XTDM
穌,|||||
穉,|||||
究,PWVB
穴,PWU
穰,TYKE
穿,PWAT
涓,IKEG
空,PWAF
穹,PWXB
穸,PWQU
坠,BWFF
穢,THDT
穡,TFWK
穮,TYNO
穬,TYAW
穩,TEAN
穨,TMKM
鬆,DESC
懝,NXTH
懟,OGUN
鬃,DEPI
鬀,DEUT
懔,NYLI
鬏,DETO
懑,IAGN
懒,NGKM
鬉,DEQT
懌,|||||
鬕,DEAD
懈,NQEH
應,YWWN
懊,NTMD
懋,SCBN
鬟,DELE
懆,NKKS
懇,EEVN
鬚,DEEM
懂,NATF
涪,IUKG
懼,NHHY
鬧,HGGH
懾,NBBB
懿,FPGN
懸,HITN
鬣,DEVN
懺,NWWG
鬮,HGGG
鬯,QOBX
懶,NGKM
懷,NYLE
懲,TMGN
鬩,HGGQ
通,CEPK
鬲,GKMH
润,IUGG
懤,NFNF
鬼,RQCI
鬽,RQCE
鬻,XOXH
懣,IAMN
猨,QTEC
猩,QTJG
猪,QTFJ
猫,QTAL
猬,QTLE
献,FMUD
猡,QTLQ
猢,QTDE
猥,QTLE
猸,QTNH
猹,QTSG
猻,QTBI
猾,QTME
猿,QTFE
猱,QTCS
逝,RRPK
猴,QTWD
猶,QTUG
猷,USGD
适,TDPD
猊,QTVQ
猋,DDDU
猎,QTAJ
猁,QTTJ
猂,QTJF
猃,QTWI
猄,QTYI
涼,IYIY
猜,QTGE
猝,QTYF
猞,QTWK
猓,QTJS
碘,DMAW
猕,QTXI
猖,QTJJ
猗,QTDK
鏟,QUTG
鏝,QJLC
鏜,QIPF
寢,PNHC
鏗,QAHF
鏖,YNJQ
涸,ILDG
鏑,QUMD
蟻,JUGT
逊,BIPI
鏌,QAJD
鏊,GQTQ
鏈,QLPY
鏇,QYTH
鏆,QXFM
鏃,QYTD
涵,IBIB
鏁,QVJS
鏽,QVHH
涴,IPQB
鏻,QOQH
鏹,QXKJ
鏸,|||||
鏷,QOGY
鏵,QAGF
鏴,QKHK
透,TEPV
鏨,LRQF
鏤,QKGV
鏢,QSFI
鏡,QUJQ
袤,YCBE
尜,IDIU
尝,IPFC
尚,IMKF
尘,IFF
尖,IDU
尔,QIU
尕,EIU
少,ITR
導,UTHF
小,IHTY
對,OGUF
尊,USGF
尋,VAKF
專,GJHF
寺,FFU
将,UQFY
將,NHDF
射,TMDF
尅,DQFI
封,FFFY
尾,NTFN
尿,NII
尼,NXV
尽,NYUU
尺,|||||
尻,NVV
尸,NNGT
尹,VTE
吕,|||||
尴,DNJL
尲,DNUO
就,YIDN
尬,DNWJ
尪,DNGD
尫,GQGD
尨,DNEE
尧,ATGQ
尤,DNV
尥,DNQY
尢,DNV
什,WFH
哶,KGJF
哳,KRRH
哲,RRKF
哱,KFPB
哿,LKSK
哽,KGJQ
哼,KYBH
哺,KGEY
哧,KFOY
哦,KTRT
哥,SKSK
員,KMU
哮,KFTB
哭,KKDU
哪,KVFB
哩,KJFG
哨,KIEG
哗,KWXF
哕,KMQY
哔,KXXF
哓,KATQ
哒,KDPY
哑,KGOG
哐,KAGG
哟,KXQY
哞,KCRH
哝,KPEY
哜,KYJH
哚,KMSY
哙,KWFC
哇,KFFG
哆,KQQY
哅,KQQB
哄,KAWY
哃,KMGK
哂,KSG
品,KKKF
哀,YEU
哏,KVEY
哎,KAQY
响,KTMK
哌,KREY
哉,FAKD
哈,KWGK
识,YKWY
评,YGUH
诅,YEGG
诂,YDG
诃,YSKG
诀,YNWY
证,YGHG
诎,YBMH
诏,YVKG
诌,YQVG
词,YNGK
诊,YWET
诋,YQAY
诈,YTHF
诉,YRYY
诖,YFFG
诗,YFFY
诔,YDIY
试,YAAG
诒,YCKG
诓,YAGG
诐,YHCY
译,YCFH
诞,YTHP
诟,YRGK
诜,YTFQ
话,YTDG
诚,YDNT
诛,YRIY
诘,YFKG
诙,YDOY
详,YUDH
诧,YPTA
诤,YQVH
该,|||||
询,YQJG
诣,YXJG
诠,YWGG
诡,|||||
诮,YIEG
误,YKGD
诬,YAWW
语,YGKG
诫,|||||
诨,YPLH
诩,YNG
诶,YCTD
请,YGEG
说,YUKQ
诵,YCEH
诲,YTXU
诳,YQTG
诰,YTFK
诱,YTEN
课,YJSY
诿,YTVG
诼,YEYY
诽,YDJD
诺,YADK
读,YFND
诸,YFTJ
诹,YBCY
茝,AAHH
茜,ASF
茛,AVEU
茚,AQGB
茗,AQKF
茖,ATKF
茕,APNF
茔,APFF
肯,HEF
茑,AQYG
茐,AQRY
茏,ADXB
茎,ACAF
茌,AWFF
茉,AGSU
茈,AHXB
茇,ADCU
茆,AQTB
茅,ACBT
茄,ALKF
范,AIBB
茂,ADNT
茁,ABMJ
茼,AMGK
茺,AYCQ
茹,AVKF
茸,ABF
茶,AWSU
茵,ALDU
茴,ALKF
茳,AIAF
茲,AXXU
茱,ARIU
茯,AWDU
茭,AUQU
茬,ADHF
茫,AIYN
茨,AUQW
茧,AJU
碩,DDMY
紀,XNN
紂,XFY
紃,XKH
約,XQYY
紅,XAG
紆,XGFH
紇,XTNN
紈,XVYY
紉,XVYY
紊,YXIU
紋,XYY
納,XMWY
紐,XNFG
紓,XCBH
純,XGBN
紗,XITT
紙,XQAN
級,XEYY
紛,XWVN
紜,XFCY
紞,XPQN
素,GXIU
紡,XYN
索,FPXI
紥,RNXI
紧,JCXI
紫,HXXI
紬,XMG
紮,SNXI
累,LXI
細,XLG
紱,XDCY
紲,XANN
紳,XJHH
紹,XVKG
紺,XAFG
紼,XXJH
紿,XCKG
樋,SCEP
樊,SQQD
樅,STWH
樁,SDWV
樂,XRXS
樝,SHAG
樟,SUJH
樞,SAKK
標,SSFI
樘,SIPF
樛,SNWE
樗,SFFN
樑,SIVS
樓,SKGV
樯,SFUK
権,SRWY
樨,SNIH
横,SAMW
模,SAJD
樠,SAMY
樽,SUSF
樾,SFHT
樹,SFKF
樺,SAGF
樵,SWYO
樷,SSBC
樱,SMMV
樲,SAFM
站,UHKG
竚,UPSH
竝,UUG
竟,UJQB
竞,UKQB
竑,UDCY
碰,DUOG
竖,JCUF
竈,PWFV
立,UUUU
竊,PWTC
竅,PWRT
竄,PWVN
竇,PWFM
竹,|||||
竻,TLB
竺,TFF
竽,TGFJ
竿,TFJ
竾,TBB
競,UKQQ
竪,AHNU
竭,UJQN
端,UMDJ
章,UJJ
竣,UCWT
童,UJFF
竦,UGKI
颈,CADM
慧,DHDN
颊,GUWM
颋,TFPM
慢,NJLC
慣,NXFM
颏,YNTM
慮,HALN
颁,WVDM
颂,WCDM
颃,YMDM
慪,|||||
慫,TWWN
领,WYCM
颇,HCDM
慶,YNJT
颙,JMHM
颚,KKFM
慵,|||||
颜,UTEM
额,PTKM
颞,BCCM
颟,AGMM
颐,AHKM
频,HIDM
颓,TMDM
颔,WYNM
颖,XTDM
颗,JSDM
慆,NEVG
慇,RVNN
颮,MTJN
颯,UMTJ
慎,NFHW
颡,CCCM
颢,JYIM
慊,NUVO
態,CEXN
慈,UXXN
颧,AKKM
慕,AJDN
颼,MTJC
慑,NBCC
慟,NTGL
慜,TXGN
慝,|||||
慚,NLRH
颶,MTJW
挲,IITR
涒,IVTK
嫌,VUVO
嫋,VXUU
嫉,VUTD
嫄,VDRI
嫂,VVHC
嫁,VPEY
嫜,VUJH
嫚,VJLC
嫘,VLXI
嫗,VAKK
嫖,VSFI
嫔,VPRW
嫒,VEPC
嫫,VAJD
嫪,VNWE
嫩,VGKT
嫦,VIPH
嫣,VGHO
嫡,VUMD
嫠,FITV
嫻,VUSY
嫺,VUEG
嫵,VRLO
嫱,VFUK
涬,IFUF
厠,DMJK
厢,DSHD
厣,DDLK
厥,DUBW
厦,DDHT
厨,DGKF
厩,DVCQ
厭,DJED
厮,DADR
厰,DIMT
厲,DAJY
厴,DJEL
厶,CNY
去,FCU
县,EGCU
厂,DGT
厄,DBV
厅,DSK
历,DLV
厉,DDNV
压,DFYI
厌,DDI
厍,DLK
厓,DFFD
厕,DMJK
厘,DJFD
厙,DLK
厚,DJBD
厝,DAJD
原,DRII
涩,IVYH
俽,WRQW
俳,WDJD
俶,WHIC
埜,SSFF
埃,FCTD
行,TFHH
衍,TIFH
躄,NKUH
血,TLD
衂,TLVY
衄,TLNF
衅,TLUF
衆,TLTI
衙,TGKH
衛,TNHH
衝,TTGH
衞,TNHH
俣,WKGD
術,TSYH
衔,TQFH
衖,TAWH
街,TFFH
表,GEU
衩,PUCY
衫,PUET
衬,PUFY
衮,UCEU
衠,TFHH
衡,TQDH
衢,THHH
衣,YEU
补,PUHY
衽,PUTF
衾,WYNE
衿,PUWN
衰,YKGE
衲,PUMW
衷,YKHE
俞,WGEJ
埴,FFHG
基,ADWF
俐,WTJH
玲,GWYC
玳,GWAY
现,GMQN
俑,WCEH
玶,GGUH
玷,GHKG
玺,QIGY
玻,GHCY
玹,GYXY
玼,GHXN
玽,GQKG
玢,GWVN
玠,GWJH
玦,GNWY
玥,GEG
玫,GTY
玨,GGG
玩,GFQN
玮,GFNH
环,GGIY
玭,GXXN
玒,GAG
玓,GQYY
玑,GMN
玖,GQYY
玕,GFH
玚,GNRT
玛,GCG
玙,GGNG
玟,GYY
玀,QTLY
玁,QTKT
率,YXIF
玄,YXU
玅,YXIT
玊,GYI
王,GGGG
玉,GYI
玎,GSH
玏,GLN
鍥,QDHD
鍤,QTFV
鍩,QADK
鍪,CBTQ
鍬,QTOY
鍰,|||||
鍳,AHNQ
鍵,QVFP
鍶,QLNY
鍺,QFTJ
鍼,QDGT
鍁,QRQW
鍀,|||||
鍃,QQRN
鍇,QXXR
鍆,QUG
鍉,QJGH
埯,FDJN
鍋,QMNK
鍊,QGLI
鍍,QYAC
俄,WTRT
鍘,QMJH
鍛,|||||
綈,XUXT
綉,XTEN
綏,XEVG
綃,XIEG
綁,XDTB
続,XFPQ
綟,XYND
綜,XPFI
綝,XSSY
經,XGVA
綑,XLSY
綫,XAAT
綮,YNTI
綬,XEPC
維,XWYG
綢,XMFK
綣,XUDB
綦,ADWI
綥,XLGJ
綺,XDSK
綻,XPGH
綹,XTHK
綾,XFWT
綿,XRMH
綽,XHJH
網,XMUN
綳,XEEG
綰,XPNN
綱,XMUM
綴,XCCC
綵,XESY
殖,GQFH
殓,GQWI
殒,GQKM
殞,GQKM
殛,GQBG
殚,GQUF
殘,GQAA
殇,GQTR
殆,|||||
殄,GQWE
殃,GQMD
殂,GQEG
殁,GQMC
殍,GQEB
残,GQGT
殊,GQRI
殉,GQQJ
殷,RVNC
段,WDMC
殴,AQMC
殳,MCU
殲,GQWG
殿,NAWC
殻,FPMC
殺,QSMC
殤,GQTR
殣,GQAG
殡,GQPW
殠,GQTD
殯,GQPM
殮,GQWW
殭,GQGG
殫,GQKF
殪,GQFU
礫,DXRS
挟,RGUW
呸,KGIG
呻,KJHH
命,WGKB
呼,KTUH
蹲,KHUF
呱,KRCY
味,KFIY
呲,KHXN
呵,KSKG
呴,KQKG
呷,KLH
呶,KVCY
周,MFKD
呫,KHKG
呪,KKQN
呢,KNXN
呤,KWYC
呦,KXLN
呙,KMWU
员,KMU
呛,KWBN
呝,KYNN
呜,KQNG
呐,KMWY
呓,KANN
呕,KAQY
呔,KDYY
呗,KMY
呖,KDLN
呈,KGF
呋,KFWY
告,TFKF
呎,KNYY
呀,KAHT
呃,KDBN
呆,KSU
婓,DJDV
婕,VGVH
婚,VQAJ
婞,VFUF
婁,KGKV
婀,VBSK
婆,|||||
婉,VPQB
婊,|||||
婵,VUJF
婴,MMVF
婷,VYPS
婶,VPJH
婻,VFMF
婺,CBTV
婼,VADK
婿,VNHE
婾,VWGB
婠,VPNN
婣,VTHH
婢,VRTF
婥,VHJH
婧,VGEG
婦,VVPH
婪,SSVF
婭,VGHG
莠,ATEB
莢,ADWW
莧,AHQB
昼,NYJG
莩,AEBF
莨,AYVE
莫,AJDU
莪,ATRT
莱,AGOU
莰,AFQW
莳,AJFU
莲,ALPU
莴,AKMW
获,AQTD
莶,AWGI
莹,APGY
莸,AQTN
莺,APQG
莽,ADAJ
莼,AXGN
莿,AGMJ
莅,AWUF
莆,AGEY
莉,ATJJ
莊,ANHF
莎,AIIT
鷯,DUJO
莓,ATXU
莒,AKKF
莕,ASKF
莖,AGVA
莙,AVTK
莘,AUJ
莛,ATFP
莝,AWWF
莞,APFQ
昶,YNIJ
昰,JGHF
宦,PAHH
閔,UYI
昨,JTHF
映,JMDY
淪,IWGA
健,WVFP
昚,DUJF
畢,JAFK
畧,LTKF
畦,LFFG
略,LTKG
畫,VFLG
番,TOLF
畯,LCWT
畮,LTXU
畬,WTLF
畲,WFIL
畱,GAJL
異,LAWU
當,|||||
畴,LDTF
畺,GLGG
畹,LPQB
畸,LDSK
畿,XXAL
畀,LGJJ
畅,JHNR
畋,LTY
畊,LFJH
畈,LRCY
畏,LGEU
畎,LDY
界,LWJJ
畑,OLG
畐,GKLF
畔,LUFH
畛,LWET
畚,CDLF
留,QYVL
畝,YLQY
畜,|||||
拨,RNTY
择,RCFH
預,CBDM
頑,FQDM
括,RTDG
頗,HCDM
頔,MDMY
拯,RBIG
領,WYCM
拣,RANW
頞,PVDM
拥,REH
頜,WGKM
拧,RPSH
頂,SDMY
頃,XDMY
頁,DMU
拼,RUAH
頇,FDMY
拾,RWGK
拿,WGKR
頊,GDMY
頋,DBDM
須,EDMY
拳,UDRJ
拴,RWGG
頏,YMDM
頌,WCDM
拷,RFTN
拈,RHKG
拉,RUG
拊,RWFY
拌,|||||
拍,RRG
拎,RWYC
伍,WGG
頻,HIDM
拂,RXJH
頹,TQDM
頾,EDMX
担,RJGG
頼,GKIM
昀,JQUG
拘,RQKG
拙,RBMH
拚,RCAH
頡,FKDM
拜,RDFH
鷙,FUFO
頤,AHKM
拟,RNYW
拐,RKLN
頫,IQDM
拒,RANG
拓,RDG
拔,RDCY
拕,RPXN
拖,RTBN
拗,RXLN
爵,ELVF
父,WQU
爷,|||||
爰,EFTC
爱,EPDC
爲,ETNO
爽,DQQQ
爾,GWMQ
爿,NHDE
爸,WQCB
爹,WQQQ
爺,WQBB
爻,QQU
爬,RHYC
爭,EVHJ
爨,WFMO
爪,RHYI
爔,OUGT
爕,|||||
爗,OJAF
爐,|||||
爝,OELF
偺,WTHJ
爆,OJAI
爍,OXRS
爊,OYNO
郫,RTFB
況,IKQN
部,UKBH
泄,IANN
泅,ILWY
郭,YBBH
泉,RIU
泊,IRG
郠,GJQB
郧,KMBH
郦,GMYB
郤,WWKB
泐,IBLN
郸,UJFB
泔,IAFG
郾,AJVB
都,FTJB
泗,ILG
郱,UABH
泛,ITPY
泝,IRYY
郵,TGAB
郴,SSBH
泠,IWYC
泡,IQNN
波,IHCY
郈,RGKB
郏,GUWB
泥,INXN
注,IYGG
郁,DEBH
泫,IYXY
郇,QJBH
泮,IUFH
郄,QDCB
郛,EBBH
郚,GKBH
泳,IYNI
郟,DWWB
泵,DIU
泶,IPIU
泷,IDXN
泸,IHNT
郑,UDBH
郐,WFCB
郗,QDMB
郖,|||||
郕,DNNB
餞,WYVA
酃,FKKB
揾,RJLG
匪,ADJD
匮,AKHM
匯,AIWY
匭,ALVV
餒,WYVV
匠,ARK
匡,AGD
匦,ALVV
揹,RUXE
区,AQI
医,ATDI
匹,AQV
匾,AYNA
匿,AADK
匽,AJVD
匲,ADKK
匳,AWGW
匱,AKHM
匈,QQBK
匏,DFNN
匍,QGEY
匃,QWNV
匀,QUD
匆,QRYI
匄,QYNV
包,QNV
匘,XVTQ
匙,JGHX
匝,AMHK
養,UDYE
匐,QGKL
化,WXN
北,UXN
匕,|||||
揣,RMDJ
镐,QYMK
揭,RJQN
餃,|||||
餁,WYVF
揖,RKBG
提,RJGH
揑,RVAG
裒,YVEU
餵,WYVE
裔,YEMK
裕,PUWK
裘,FIYE
裙,PUVK
裟,IITE
補,PUGY
餳,WYVR
裂,GQJE
裁,FAYE
裆,PUIV
装,UFYE
裊,WVGE
盍,FCLF
裉,PUVE
裎,PUKG
裏,YJFE
裌,PUDW
裳,IPKE
裰,PUCC
裱,PUGE
裶,PUDD
盏,GLF
裴,DJDE
裵,YDJE
裸,PUJS
裹,YJSE
裾,PUND
餬,WYVE
裼,PUJR
裢,PULP
裣,PUWI
裡,PUJF
裤,PUYL
裥,PUUJ
裨,PURF
裯,PUMK
钳,QAFG
钴,QDG
歷,DTTH
揍,RDWD
钷,QAKG
盘,TELF
扩,RYT
盛,DNNL
耪,DIUY
耩,DIFF
耨,DIDF
耮,DIOL
耬,DIKV
耢,|||||
耠,DIWK
耧,DIOV
耦,DIJY
耥,DIIK
耻,BHG
钠,QMWY
耸,WWBF
耿,BOY
耽,BPQN
盐,FHLF
耳,BGHG
耱,DIYD
耷,DBF
耶,BBH
耵,BSH
耋,FTXF
盒,WGKL
耏,DMJE
耍,DMJV
而,DMJJ
考,FTGN
老,FTXB
耀,IQNY
耆,FTXJ
者,FTJF
耄,FTXN
耙,DICN
耘,DIFC
盗,UQWL
耜,DINN
耒,DII
耑,MDMJ
耐,DMJF
耗,DITN
耖,DIIT
耕,DIFJ
耔,DIBG
钚,QGIY
炝,OWBN
钞,QITT
钟,QKHH
钒,QMYY
簌,TGKW
簍,TKGV
簏,TYNX
簋,TVEL
钔,QUN
簇,TYTD
簀,TGMU
钕,QVG
簝,TDUI
簞,TKKF
簟,TSJJ
簕,TAFL
簖,TONR
簑,TYKE
盹,HGBN
簮,TFWJ
簪,TAQJ
簫,TVHH
黉,IPAW
簦,TWGU
簧,TAMW
簡,TUJF
簣,TKHM
簽,TWGW
簾,TYUO
簿,|||||
簸,TADC
簷,TQDY
簰,TTHF
钍,QFG
黃,AGMW
鉞,QANT
黄,AMWU
欑,STFM
欓,SIPO
欒,XYXS
黏,TWIK
黎,TQTI
黍,TWIU
欖,SAHQ
欉,SOGC
黑,LFOU
黐,TWIC
欏,SLXY
黔,LFON
黛,WALO
默,LFOD
黟,LFOQ
點,LFOK
黝,LFOL
黜,LFOM
欹,DSKW
譬,NKUY
欻,OOQW
黠,LFOK
黧,TQTO
黦,LFOB
黥,LFOI
款,FFIW
黪,LFOE
黩,LFOD
黨,IPKO
欵,XTDW
欷,QDMW
黲,LFOE
黱,EUDO
黷,LFOM
次,UQWY
欠,QWU
黹,OGUI
欢,CQWY
黿,FQMV
黾,KJNB
黽,MGGV
黼,OGUY
痤,UWWF
痧,UIIT
痦,UGKD
痣,UFNI
痢,|||||
痨,UAPL
痫,UUSI
痪,UQMD
痴,UTDK
痱,|||||
痰,UOOI
痲,USFQ
痼,ULDD
痿,UTVD
痹,ULGJ
警,AQKY
痺,|||||
病,UGMW
痄,UTHF
症,UGHD
痀,UQKD
痃,UYXI
痂,ULKD
痍,UGXW
痌,UMGK
痏,UDED
痉,UCAD
痈,UEK
痊,UWGD
痕,UVEI
痔,UFFI
痖,UGOG
痐,ULKD
痓,UGCF
痒,UUDK
痟,UIED
痞,|||||
痙,UGVA
痘,UGKU
痛,UCEK
馔,QNNW
馕,|||||
首,UTHF
扱,REYY
馐,QNUF
馑,QNAG
馒,QNJC
馓,QNAT
馝,TJNT
馞,TJFB
批,RXXN
找,RAT
香,TJF
扼,RDBN
馄,QNJX
扣,RKG
馆,QNPN
馇,QNSG
扦,|||||
执,RVYY
扤,RGQN
扪,RUN
扫,RVG
馎,QNGF
馏,QNQL
扮,RWVN
扯,RHG
扬,RNRT
馋,QNQU
馴,CKH
打,RSH
扑,RHY
馱,CDY
扔,REN
馳,CBN
扛,RAG
托,RTAN
扞,RFH
扃,YNMK
所,RNRH
扁,YNMA
扇,YNND
盈,ECLF
手,RTGH
扈,YNKC
扉,YNDD
扎,RNN
譖,YAQJ
才,FTE
淌,IIMK
淏,IJGD
武,|||||
鉧,QXGU
譏,YXXT
姚,VIQN
姙,VWTF
姘,VUAH
姞,VFKG
姝,VRIY
姜,UGVF
姓,VTGG
姒,VNYW
姑,VDG
姐,VEGG
姗,VMMG
姖,VANG
委,TVF
始,VCKG
姊,VTNT
姉,VGMH
姍,VMAH
姃,VGHG
姆,VXGU
姅,VUFH
姻,VLDY
姺,VTFQ
姹,VPTA
姸,VFTF
姿,UQWV
曲,MAD
姫,VAHH
姪,VGCF
姨,VGXW
姬,VAHH
姣,VUQY
淘,IQRM
姦,VVVF
姥,VFTX
釩,QMYY
劬,QKLN
釗,QJH
动,FCLN
助,EGLN
努,VCLB
劫,FCLN
歠,CCCW
加,LKG
务,TLB
劢,DNLN
劣,ITLB
劼,FKLN
劾,YNTL
势,RVYL
励,DDNL
劲,CALN
劳,APLB
劌,HDGJ
劍,WGKJ
劈,NKUV
劉,QYVJ
劊,WGLJ
劄,TWGJ
淫,IETF
劁,WYOJ
劂,DUBJ
劝,CLN
办,LWI
功,ALN
力,LTN
劐,AWYJ
劑,YVUJ
劒,WGKY
劓,THLJ
踁,KHGA
盃,|||||
踅,RRKH
踊,KHCE
踉,KHYE
踏,KHIJ
踌,|||||
踐,KHAA
踕,KHGH
踔,KHHJ
踟,KHTK
踞,KHND
踝,KHJS
踣,KHUK
淼,IIIU
踪,KHPI
踩,KHES
踯,KHUB
踮,KHYK
踬,KHRM
踳,KHDJ
踱,KHYC
踵,KHTF
踴,KHCL
踺,KHVP
踹,KHMJ
踸,KHAN
踽,KHTY
添,IGDN
野,JFCB
淶,ISWW
混,IJXX
释,TOCH
盇,DYLF
鸊,NKUO
襖,PUTD
襜,PUQY
襝,PUWW
襞,NKUE
襟,PUSI
襄,YKKE
襆,PUOY
襇,PUUJ
襀,PUGM
襁,PUXJ
襍,PUWS
襏,PUWC
襲,|||||
西,SGHG
襻,PUSR
襤,PUAL
襦,PUFJ
襠,PUIL
襢,PUYG
襣,PUTJ
襮,PUJI
襯,PUUQ
襪,PUAT
黢,LFOT
鸚,MMVO
擱,RUTK
鸞,XYXO
犸,QTCG
犹,QTDN
状,UDY
犷,QTYT
犴,QTFH
鸝,GMYO
犰,QTVN
犯,QTBN
犬,DGTY
犨,WYWH
犧,TRUT
犢,TRFM
擺,RLCX
犟,XKJH
犛,FITH
犖,|||||
犒,TRYK
犏,|||||
犍,TRVP
犊,TRFD
犋,TRHW
犇,RHTH
犄,TRDK
犂,TQTH
犀,NIRH
犁,TJRH
汊,ICYY
鸪,DQYG
遯,EEPI
汉,ICY
適,UMDP
遨,GQTP
鸫,AIQG
遥,ERMP
汀,ISH
汁,IFH
遡,UBTP
遠,FKEP
遣,KHGP
遢,JNPD
汚,IFNN
遼,DUJP
避,NKUP
汙,|||||
汞,AIU
江,IAG
汜,INN
汝,IVG
遵,USGP
遴,OQAP
遷,SDNP
遶,FFFP
汗,IFH
汔,ITNN
鸯,MDQG
遍,YNMP
遏,JQWP
過,MNMP
遉,HMPI
運,PLPK
汭,IMWY
遄,MDMP
遇,JMHP
污,IFNN
遁,RFHP
汤,INRT
遂,UEPI
遜,BTXP
汹,IQBH
汾,IWVN
遘,FJGP
遛,QYVP
汽,IRNN
汲,IEYY
汳,IRCY
汰,IDYY
遖,FMUP
遑,RGPD
遐,NHFP
汴,IYHY
遒,USGP
粗,OEGG
粕,ORG
粒,OUG
粑,OCN
粞,OSG
粟,SOU
粜,BMOU
粝,ODDN
粘,OHKG
鸧,WBQG
粇,OYMN
粃,OXXN
粉,OWVN
擐,RLGE
粲,HQCO
粳,OGJQ
粰,OEBG
粱,IVWO
精,OGEG
粼,OQAB
粽,|||||
粺,ORTF
鸸,DMJG
粹,OYWF
粦,|||||
粧,OYFG
粤,TLON
粥,XOXN
粢,UQWO
粮,OYVE
擔,RQDY
粪,OAWU
鸿,IAQG
鹅,TRNG
撢,RSJH
鹇,USQG
鹆,WWKG
鹁,FPBG
撦,RDFJ
鹃,KEQG
撤,RYCT
鹌,DJNG
鹏,EEQG
鹎,RTFG
鹉,GAHG
撮,RJBC
播,RTOL
鹊,AJQG
鹕,DEQG
鸲,QKQG
鹗,KKFG
撰,RNNW
鹑,YBQG
撵,RFWL
撻,RFUP
鹜,CBTG
撹,RIPQ
鹞,ERMG
撿,RWGW
鹘,MEQG
鹛,NHQG
鹚,UXXG
撃,LMCR
鹤,PWYG
鹧,YAOG
鹦,MMVG
撇,RUMT
撅,RDUW
撄,RMMV
鹭,KHTG
鹬,CBTG
撈,ROOL
鹩,DUJG
鹨,NWEG
鹫,YIDG
鹪,WYOG
鹵,HLQO
撒,RAET
撑,RIPR
鹱,QYNC
鹰,YWWG
鹳,AKKG
鹽,AHNL
鹿,YNJX
鹾,HLQA
撟,RTDK
撞,RUJF
鹺,HLQA
戲,HAGA
檸,SPNS
鶻,MEWO
盔,DOLF
澎,IFKE
檰,SXRH
盖,UGLF
憝,YBTN
魂,FCRC
魄,RRQC
胩,EHHY
遲,NIRP
魊,RQCG
奘,NHDD
奚,EXDU
奕,YODU
奔,DFAJ
套,DDU
奖,UQDU
契,DHVD
奐,|||||
奏,DWGD
奎,DFFF
奉,DWFH
奈,DFIU
奋,DLF
奄,DJNB
奇,DSKF
魎,RQCY
奁,DAQU
奂,|||||
好,VBG
憏,NWFI
她,VBN
奸,VFH
奴,VCY
奶,VEN
奰,LLLD
女,VVVV
奭,DDJJ
奬,NHDD
奮,DWYL
奩,DAKK
奨,|||||
奪,DWYF
奥,TMOD
奠,USGD
奢,DFTJ
肭,EMWY
肬,EDNN
頓,GBNM
肮,EYMN
肩,YNED
肫,EGBN
肪,EYN
肥,ECN
肤,EFWY
肧,EGIY
股,EMCY
肠,ENRT
肢,EFCY
肽,EDYY
肼,EFJH
肿,EKHH
肾,JCEF
肺,EGMH
肴,QDEF
肷,EQWY
肱,EDCY
肳,EQRT
育,YCEF
肌,EMN
肎,PEF
肉,MWWI
肈,YNAH
肋,ELN
肅,VHTH
肄,XTDH
肇,YNTH
肆,DVFH
肃,VIJK
肝,EFH
肜,EET
肟,EFNN
肘,EFY
肛,EAG
肚,EFG
肖,IEF
肐,ETNN
肓,YNEF
刍,QVF
魨,QOGN
難,AKFY
躇,KHAJ
躁,KHKS
躍,KHNY
躏,KHAY
躉,AJMH
躋,KHYF
躊,KHFF
躔,KHYF
挺,RTFP
躑,KHUB
躐,KHVN
躓,KHRM
躒,KHXS
躜,KHTM
趻,KHWN
躞,KHOC
躚,KHSP
躥,KHPN
躦,KHTM
躡,KHBB
躬,TMDX
躯,|||||
身,TMDT
躪,KHAY
躶,TMDS
躱,TMDS
躳,TMDK
躲,TMDS
躺,TMDK
雨,FGHY
憩,TDTN
挨,RCTD
雰,FWVB
瑯,GYVB
瑭,GYVK
瑪,GCY
瑩,OOPY
啬,FULK
瑣,GIMY
瑢,GPWK
瑠,GQYL
瑾,GAKG
瑷,GEPC
瑶,GERM
挣,RQVH
瑱,GFHW
瑰,GRQC
瑋,GNHH
瑄,GPGG
瑁,GJHG
瑀,GTKY
瑟,GGNT
瑞,GMDJ
瑜,GWGJ
瑛,GAMD
瑚,GDEG
瑙,GVTQ
瑗,GEFC
瑕,GNHC
瑒,GJGR
援,REFC
揶,RBBH
餚,WYVE
餛,WYVX
揲,RANS
揽,RJTQ
餔,WYVY
揿,RQQW
揸,RSJG
餓,WYVT
餐,HQCE
餑,WYVB
餌,WYVB
餍,DDWE
揠,RAJV
握,RNGF
餈,UQWE
餉,WYVK
雇,YNWY
揮,RPLH
餅,WYVA
餂,WYVD
揩,RXXR
揪,RTOY
揫,TORJ
餾,WYVL
餿,WYVC
餼,WYVO
餽,WYVC
餺,WYVF
餻,WYVO
插,RTFV
餷,WYVG
揞,RUJG
挞,RDPY
餲,WYVN
揙,RYNA
揚,RJGR
餱,WYVD
餮,GQWE
揆,RWGD
揇,RFMF
揀,RGLI
餫,WYVL
館,WYVN
餧,WYVV
揎,RPGG
描,RALG
揉,RCBS
餡,WYVV
挖,RPWN
财,|||||
挈,DHVR
釷,QFG
釵,QCYY
戛,DHAR
淋,ISSY
淄,IVLG
淅,ISRH
淆,IQDE
淇,IADW
淀,|||||
釺,QTFH
釹,QVG
釧,QKH
淝,IECN
淞,ISWC
淟,IMAW
釣,QQYY
淙,IPFI
淖,IHJH
釬,QFH
釫,QFNN
淑,IHIC
淒,IGVV
淬,IYWF
淮,IWYG
釔,QNN
釓,QNN
淩,IFWT
金,QQQQ
釐,FITF
淤,IYWU
淦,IQG
釜,WQFU
淠,ILGJ
淡,IOOY
釙,QHY
釘,|||||
采,ESU
釅,SGKT
釃,SGGX
淹,IDJN
淺,|||||
釀,SGYE
量,JGJF
淵,ITHH
重,TGJF
里,JFD
釋,TOLF
深,IPWS
釉,TOMG
淳,IYBG
制,RMHJ
刷,NMHJ
刴,ESJH
刳,DFNJ
到,GCFJ
刿,MQJH
刼,FCVY
刽,WFCJ
刺,GMIJ
刻,YNTJ
券,UDVB
刹,QSJH
判,UDJH
删,MMGJ
刮,TDJH
刬,GJH
刭,CAJH
刪,MAJH
别,KLJH
刨,QNJH
利,TJH
刖,EJH
列,GQJH
划,AJH
刑,GAJH
初,PUVN
刚,MQJH
创,WBJH
刘,YJH
则,MJH
分,WVB
切,AVN
刄,VYI
刃,VYI
刀,VNT
刁,NGD
刎,QRJH
盟,JELF
刊,FJH
刈,QJH
闐,UFHW
胕,EWFY
觞,QETR
觟,QEFF
觜,HXQE
觚,QERY
觖,QENW
角,QEJ
觐,AKGQ
觑,HAOQ
觎,WGEQ
觏,FJGQ
觌,FNUQ
觊,MNMQ
觋,AWWQ
览,JTYQ
觉,|||||
视,PYMQ
觇,HKMQ
规,FWMQ
觅,EMQB
观,|||||
觀,AKKQ
见,MQB
觸,|||||
觶,QEKF
觴,QMFR
觵,QEAW
觳,|||||
觱,DGKE
觯,QEUF
觫,QEGI
触,QEJY
觥,QEIQ
解,QEVH
鈽,QDMH
脷,ETJH
脶,EKMW
脲,ENIY
脱,EUKQ
脾,ERTF
脹,EDEY
脸,EWGI
脣,DFEE
脯,EGEY
脭,EKGG
脬,EEBG
脩,|||||
脖,EFPB
脔,YOMW
脓,EPEY
脒,EOY
脑,|||||
脐,EYJH
脞,EWWF
脝,EYBH
脛,EGVA
脚,EFCB
脙,EFIY
脘,EPFQ
脇,ELLL
脆,EQDB
脅,LLLE
脂,EXJG
脏,EYFG
脎,EQSY
脍,EWFC
脊,IWEF
脉,EYNI
缘,XXEY
缙,XGOJ
缚,XGEF
缛,XDFF
缜,XFHW
缝,XTDP
缟,XYMK
缐,XRIY
缑,XWND
缒,XWNP
缓,XEFC
缔,XUPH
缕,XOVG
编,XYNA
缗,XNAJ
缈,XHIT
缉,XKBG
缊,XJLG
缋,XKHM
缌,XLNY
缍,XTGF
缎,XWDC
缏,XWGQ
缀,XCCC
缁,XVLG
缂,XAFH
缃,XSHG
缄,XDGT
缅,XDMD
缆,XJTQ
缇,XJGH
缸,RMAG
缺,RMNW
缾,RMUA
秄,TBG
缰,XGLG
缱,XKHP
缲,XKKS
缳,|||||
缴,XRYT
缵,XTFM
缶,RMK
缨,XMMV
缩,XPWJ
缪,XNWE
缫,XVJS
缬,XFKM
缭,XDUI
缮,XUDK
缯,XULJ
缠,XYJF
缡,XYBC
缢,XUWL
缣,XUVO
缤,XPRW
缥,XSFI
缦,XJLC
缧,XLXI
搥,RWNP
搤,RUWL
搧,RYNN
搦,RXUU
搡,RCCS
搠,RUBE
搢,RGOJ
搭,RAWK
搬,RTEC
搨,RJNG
搪,RYVK
搴,PFJR
搶,RWYK
搽,RAWS
搿,RWGR
携,RWYE
搅,RIPQ
搇,RWYE
搆,RFJF
搁,RUTK
搀,RQKU
搂,ROVG
損,RKMY
搌,RNAE
搏,RGEF
搋,RRHM
搊,RQBT
搔,|||||
搗,RWVM
搐,RYXL
搓,RUDA
搒,RUPY
搜,RVHC
搞,RYMK
搛,RUVO
瓴,WYCN
瓷,UQWN
瓶,UAGN
瓻,QDMN
瓿,UKGN
瓠,DFNY
瓣,URCU
瓢,SFIY
瓤,YKKY
瓦,GNYN
庸,YVEH
剂,YJJH
瓯,AQGN
瓮,WCGN
瓐,GHAL
瓒,GTFM
瓔,GMMV
瓘,GAKY
瓛,GHAD
瓚,GTFM
瓝,RCYY
瓜,RCYI
瓟,RCYN
瓞,|||||
瓅,GXRS
瓆,GRRM
瓉,GFWM
瓈,GTQI
瓊,GQMT
瓌,GYLE
瓏,GUED
计,YFH
隣,BOQH
捺,|||||
捻,RWYN
隧,BUEP
捶,|||||
捷,RGVH
險,BWGW
捵,RMAW
捱,RDFF
据,RNDG
隱,BEAN
捭,RRTF
隴,BUED
捫,RUG
隶,VII
隷,FFII
隸,SFII
捧,RDWH
隼,WYFJ
捣,RQYM
难,CWYG
捡,RWGI
捞,RAPL
损,RKMY
隂,BWDY
隄,BJGH
隅,BJMY
隆,BTGG
隈,BLGE
隊,BUEY
隋,BDAE
隍,BRGG
階,BXXR
随,BDEP
隐,BQVN
捏,RJFG
捌,RKLJ
隓,BDAA
隔,BGKH
捋,REFY
隗,BRQC
捆,RLSY
隙,BIJI
捄,RFIY
際,BWFI
捂,RGKG
捃,RVTK
孰,YBVY
壤,FYKE
壢,FDTH
壠,FUED
壯,NHDF
壮,UFG
壬,TFD
士,FGHG
壩,FFAE
壶,FPOG
壳,FPMB
声,FNR
壽,FNAF
壼,FPGG
壻,FNHE
壺,FPHG
壹,FPGU
壸,FPGG
壇,FYLG
壆,WFQF
壅,YXTF
笈,TEYU
壁,NKUF
壎,FTGO
壕,FYPE
壓,DJEF
壑,HPGF
壐,GWMF
壟,UEGF
壞,FYLE
壚,FHAL
壙,FYAW
壘,LLLF
门,UYHN
笊,TRHY
冻,UAIY
冼,UTFQ
冽,UGQJ
冰,UIY
冱,UGXG
冲,UKHH
决,UNWY
冴,UAHT
况,|||||
冶,UCKG
冷,UWYC
冩,PVQO
冬,TUU
冯,UCG
冠,PFQF
冢,|||||
冤,PQKY
冥,PJUU
写,PGNG
军,PLJ
农,PEI
冐,JEF
冑,MEF
冒,JHF
冕,JQKQ
冗,PMB
冈,MQI
冉,MFD
届,NMD
册,MMGD
再,GMFD
冀,UXLW
冁,UJFE
冄,MFD
内,MWI
円,MHGD
輊,|||||
載,FALK
輇,LWGG
輅,LTKG
較,LUQY
輟,LCCC
輞,LMUN
輝,IQPL
輜,LVLG
輛,LGMY
輙,LBCY
輕,LGVA
輔,LGEY
輓,LQKQ
輒,LBNN
輯,LKBG
輭,LDMD
铚,QGCF
輩,DJDL
輦,FWFL
輥,|||||
輿,WFLW
輾,LNAE
輻,LGKL
輸,LWGJ
輷,LQYG
輴,LRFH
輳,LDWD
琗,GYWF
鲛,QGUQ
虢,EFHM
虣,GAHM
虧,HAWN
虫,JHNY
虬,JNN
虮,JMN
虯,JNHH
虱,NTJI
虵,JBN
虹,JAG
虺,GQJI
虻,JYNN
虼,JTNN
虽,KJU
虾,JGHY
虿,DNJU
虉,AGKO
虌,AUMV
虎,HAMV
虏,HALV
虐,HAAG
虑,HANI
虓,VHAM
虔,HAYI
處,HATM
虖,HATH
虚,HAOG
虜,HALL
虞,HAKD
凰,MRGD
闼,UDPI
酹,SGEF
酸,SGCT
浔,IVFY
酽,SGGD
浓,IPEY
浐,IUTT
酾,SGGY
浞,IKHY
酰,SGTQ
浜,IRGW
酲,SGKG
浚,ICWT
酴,SGWT
酷,SGTK
浙,IRRH
酩,SGQK
浇,IATQ
酪,SGTK
浃,IGUW
酯,SGXJ
流,IYCQ
酡,SGPX
浏,IYJH
酣,SGAF
酢,SGTF
酥,SGTY
酤,SGDG
浈,IHMY
海,ITXU
浴,|||||
酚,SGWV
酝,|||||
酞,SGDY
酑,SGGF
酐,SGFH
浼,IQKQ
酒,ISGG
浸,|||||
浹,IDWW
浦,IGEY
酈,GMYB
酋,USGF
酊,SGSH
配,SGNN
浣,IPFQ
酏,|||||
酎,SGFY
浮,IEBG
浯,IGKG
浬,IJFG
浪,IYVE
酆,DHDB
羣,VTKD
羡,UGUW
羧,UDCT
群,VTKD
羥,UDGA
義,UGTT
羯,UDJN
羲,UGTT
羰,UDMO
羶,UDYG
羴,UDUD
羸,YNKY
羹,UGOD
羿,NAJ
羼,NUDD
羽,NNYG
羁,LAFC
羆,LCEO
羇,LAFK
羅,LXWY
羊,UDJ
羈,LAFC
美,UGDU
羌,UDNB
羑,UGQY
羖,UDMC
羗,UDNC
羔,UGOU
羚,|||||
羞,UDNF
羟,UDCA
羝,UDQY
斯,ADWR
齐,YJJ
断,ONRH
临,JTYJ
斫,DRH
齔,HWWX
斩,LRH
斧,WQRJ
斥,RYI
斤,RTTH
齜,HWWX
齟,|||||
齁,THLK
施,YTBN
於,YWUY
斻,YTMN
齄,THLG
方,YYGN
斷,XXGR
齊,YVUF
新,USRH
斎,YJFI
斌,YGAH
斋,YDMJ
齷,HWWF
斈,YBF
齹,UDAB
斃,UMIX
齼,HWWH
齿,HWBJ
斟,ADWF
齠,HWWK
斜,WTUF
斛,QEUF
料,OUFH
齦,HWWE
斗,UFK
丫,UHK
斕,|||||
齪,HWWH
斓,YUGI
齬,HWWK
斑,GYGG
斐,DJDY
时,JFY
两,GMWW
垌,FMGK
丝,XXGF
垴,FYBH
垵,FPVG
丗,GKGD
鲍,|||||
垡,WAFF
不,GII
丌,GJK
垤,FGCF
菡,ABIB
填,FFHW
塭,FJLG
垦,VEFF
垧,FTMK
塥,FGKH
塤,FKMY
塹,LRFF
塼,FGJF
塾,YBVF
塲,FTJR
塵,YNJF
塋,OOPF
塊,FRQC
塍,EUDF
塌,FJNG
塏,FMGU
塄,FLYN
塙,FYMK
塘,FYVK
塝,FUPY
丁,SGH
塞,PFJF
塑,UBTF
塔,FAWK
膹,EFAM
膻,EYLG
膺,YWWE
膽,EQDY
膿,EMAE
膾,EWGJ
膳,EUDK
膩,EAFM
膨,EFKE
膪,EUPK
膯,EWGU
膠,|||||
膣,EPWF
膦,EOQH
膘,ESFI
膛,EIPF
膚,HALE
膝,ESWI
膜,EAJD
膑,EPRW
膗,EMWY
膈,EGKH
膊,EGEF
膏,YPKE
膀,EUPY
膂,YTEE
唔,KGKG
瘾,UBQN
唕,KRFH
鲅,QGDC
辑,LKBG
辐,LGKL
输,LWGJ
辕,LFKE
辔,XLXK
辗,LNAE
辖,LPDK
辙,LYCT
辘,|||||
辛,UYGH
辚,LOQH
辜,DUJ
辟,NKUH
辞,TDUH
辁,LWGG
较,LUQY
辂,LTKG
辅,LGEY
辄,LBNN
辇,FWFL
辆,LGMW
辉,IQPL
辈,DJDL
辋,LMUN
辊,LJXX
辍,LCCC
辏,LDWD
辎,LVLG
辱,DFEF
辰,DFEI
辳,SSDE
農,MADE
辵,EHU
边,LPV
辻,FPK
旄,YTTN
辽,BPK
达,DPI
辠,THUJ
辣,UGKI
辢,GKIU
辤,|||||
辦,ULUH
辩,UYUH
辨,UYTU
辫,UXUH
辭,ECMU
辯,UYUH
辮,UXIU
睻,HPGG
睹,HFTJ
睿,HPGH
睾,TLFF
睽,HWGD
睫,HGVH
睪,LFUF
睨,|||||
睬,HESY
督,HICH
睢,HWYG
睡,HTGF
睠,HUDB
睦,HFWF
睥,HRTF
睛,HGEG
睚,HDFF
睞,|||||
睑,HWGI
睐,HGOY
睃,HCWT
睁,HQVH
着,UDHF
睇,HUXT
阪,BRCY
阨,BDBN
阮,BFQN
阯,BHG
阢,BGQN
阡,BTFH
阧,BUFH
阻,BEGG
阿,BSKG
阼,BTHF
阽,BHKG
防,BYN
阳,BJG
阱,BFJH
阶,BWJH
阴,|||||
阵,BLH
阊,UJJD
阋,UVQV
阈,UAKG
阉,UDJN
阎,UQVD
阏,UYWU
阌,UEPC
阍,UQAJ
阂,UYNW
阃,ULSI
阀,UWAE
阁,UTKD
阆,UYVE
阄,UQJN
阅,UUKQ
阚,UNBT
阙,|||||
队,BWY
阜,WNNF
阒,UHDI
阐,UUJF
阑,UGLI
阖,UFCL
阗,UFHW
阔,UITD
阕,UWGD
儂,WMAE
儀,WUGT
儁,WWYM
儆,WAQT
儇,WLGE
億,WUJN
儋,WQDY
儈,|||||
儉,|||||
儌,WRYT
儍,WQOT
儒,WFDJ
儐,|||||
儗,WXTH
儔,WFNF
儕,WYVF
儘,WVHL
償,WIPM
儡,WLLL
優,WDET
儭,WUSQ
儲,WYFJ
儷,WGMX
儺,WAKY
儻,WIPO
儹,WTFM
儿,QTN
儼,WKKT
儽,WLLI
滙,IAWY
滚,IUCE
滛,IERM
滞,IGKH
滟,IDHC
滑,IMEG
滓,IPUH
滔,IEVG
滕,EUDI
滗,ITTN
滈,IYMK
滉,IJIQ
滋,IUXX
滌,IWHS
滎,OOPI
滏,|||||
滀,IYXL
滁,IBWT
滂,IUPY
滄,IWYK
滅,IDGT
滇,IFHW
滸,IYTF
滹,IHAH
滻,|||||
滿,IAMY
滲,ICCE
滴,IUMD
滷,IHLO
滨,IPRW
滩,ICWY
滬,IYNC
滮,IHAE
滯,IAQH
滠,IBCC
满,IAGW
滢,IAPY
滤,IHAN
滥,IJTL
滦,IYOS
笾,TLPU
旖,YTDK
蛩,AMYJ
蛮,YOJU
蛭,JGCF
蛤,JWGK
蛺,|||||
蛸,JIEG
蛹,JCEH
蛾,JTRT
蛲,JATQ
蛳,JJGH
蛰,RVYJ
蛱,JGUW
蛋,NHJU
蛉,JWYC
蛎,JDDN
蛏,JCFG
蛃,JGMW
蛀,JYGG
蛆,JEGG
蛇,JPXN
蛄,JDG
鬐,DEFJ
蛛,JRIY
蛘,JUDH
蛙,JFFG
蛞,JTDG
蛟,JUQY
蛐,JMAG
揄,RWGJ
蛔,JLKG
蛕,JDEG
穤,TFDJ
縧,XWHS
縣,HITI
縭,XYBC
縮,XPWJ
縩,XWFI
縫,XTDP
縴,XYXH
縵,XJLC
縶,FUFI
縷,XKGV
縱,XTWH
縲,XLXI
總,|||||
績,XGMY
縹,XSFI
縻,YSSI
縂,XUKN
縈,OOPI
縉,XGOJ
縊,XUWL
縋,XWNP
縐,|||||
縑,|||||
縝,XFHW
縟,XDFF
縚,XEVG
縛,XGEF
鳙,QGYH
鳘,TXGG
鳟,QGUF
攴,HCU
鳝,|||||
鳜,QGDW
改,NTY
攸,WHTY
鳑,QGUY
鳐,QGEM
鳗,QGJC
鳖,UMIG
鳕,QGFV
鳔,QGSI
攡,RYBY
鳊,QGYA
鳉,QGUF
攥,RTHI
鬈,DEUB
鳍,QGFJ
鳌,GQTG
鳃,QGLN
攫,RHHC
鳇,QGRG
攬,RAHQ
支,FCU
鳄,QGKN
攒,RTFM
攔,|||||
攖,RMMV
攙,RQKY
攘,RYKE
攛,RPWN
攝,RBBB
鳶,AWVO
鳴,|||||
攀,SQQR
鳩,VWVO
攅,RFWM
攄,|||||
攆,RFWL
鳣,QGYG
鳢,QGMU
攏,RUED
鬓,DEPW
矽,DQY
皎,RUQY
矿,DYT
矾,DMYY
矸,DFH
矴,DSH
矶,DMN
矱,TDAC
石,DGTG
短,TDGU
矬,TDWF
矯,|||||
矮,TDTV
矩,TDAN
矫,TDTJ
知,TDKG
矧,TDXH
矦,QDTD
矣,CTDU
矢,TDU
矜,CBTN
矛,CBTR
矚,HNIJ
矗,FHFH
矍,HHWC
皆,XXRF
矇,HAPE
矁,HTON
鑷,QBBB
鞭,AFWQ
鞮,AFJH
鞯,AFAB
鞩,AFIJ
鞫,AFQY
皂,RAB
鞠,AFQO
鞣,AFCS
鞽,AFTK
鞾,AFAF
鬥,HGGH
鬢,DEPM
鞴,AFAE
鞵,AFED
鑲,|||||
鞱,AFEV
鞲,AFFF
鞍,AFPV
鞏,AMYF
鞋,AFFF
鞅,AFMD
鞝,AFIK
鞞,AFRF
鞘,AFIE
懵,NALH
鞔,AFQQ
鬬,HGGR
鞒,AFTJ
皙,SRRF
皖,RPFQ
皓,RTFK
鑣,QYNO
楫,SKBG
忱,NPQN
念,WYNN
忻,NRH
忸,NNFG
忿,WVNU
忾,NRNN
忽,QRNU
忼,NYMN
鬾,RQCC
忡,NKHH
忠,KHNU
忧,NDNN
忤,NTFH
快,NNWY
忪,NWCY
懦,|||||
忭,NYHY
忒,ANI
忑,|||||
忐,HNU
志,FNU
忖,NFY
忙,NYNN
忘,YNNU
忝,GDNU
心,NYNY
隳,BDAN
忆,NNN
必,NTE
忉,NVN
忏,NTFH
忍,VYNU
忌,NNU
捨,RWFK
隹,WYG
鑌,QPGM
换,RQMD
隽,WYEB
鑄,QFNF
谛,YUPH
谚,YUTE
谙,YUJG
谘,YUQK
谟,YAJD
谞,YNHE
谝,YYNA
谜,YOPY
谓,YLEG
谒,YJQN
谑,YHAG
谐,YXXR
谗,YQKU
谖,YEFC
谕,YWGJ
谔,YKKN
谋,YAFS
谊,YPEG
谈,YOOY
谏,YGLI
捐,RKEG
谍,YANS
谌,YADN
俦,WDTF
谂,YWYN
谁,YWYG
谀,YVWY
谇,YYWF
谆,|||||
谅,YYIY
谄,YQVG
捎,RIEG
谿,EXDK
谳,YFMD
谲,YCBK
谱,YUOJ
谰,YUGI
谷,WWKF
谶,YWWG
谵,YQDY
谴,YKHP
谫,YUEV
谪,YUMD
谩,YJLC
谨,YAKG
谯,YWYO
谮,YAQJ
谭,YSJH
谬,YNWE
谣,YERM
谢,YTMF
谡,YLWT
谠,YIPQ
谧,YNTL
谦,YUVO
谥,YUWL
谤,YUPY
捉,RKHY
隘,BUWL
捅,RCEH
障,BUJH
蝭,JJGH
蝮,JTJT
蝯,JEFC
蝨,NFJJ
蝪,JJGR
醵,SGHE
蝤,JUSG
蝥,CBTJ
蝦,JNHC
蝠,JGKL
蝣,JYTB
蝼,JOVG
蝽,JDWJ
蝾,JAPS
蝸,JMNK
蝻,JFMF
蝴,JDEG
蝶,JANS
蝰,JDFF
蝱,YNJJ
蝲,JGKJ
蝌,JTUF
蝎,JJQN
蝈,JLGY
蝉,JUJF
蝇,JKJN
蝂,JTHC
蝜,JQMY
洙,IRIY
蝟,|||||
蝙,JYNA
蝚,JCBS
蝕,WPJY
蝗,JRGG
蝓,JWGJ
醻,SGFF
傅,WGEF
估,WDG
傀,WRQC
醢,SGDL
伴,WUFH
傌,WCY
傍,WUPY
伸,WJHH
傈,WSSY
伾,WGIG
伽,WLKG
似,WNYW
伢,WAHT
伡,WLH
传,WFNY
伧,WWBN
傑,|||||
伥,WTAY
洈,IQDB
傜,WERM
伪,WYLY
傘,WWWF
醮,SGWO
伭,WYXY
伬,WNYY
傥,WIPQ
休,WSY
傧,WPRW
众,WWWU
傣,WDWI
伛,WAQY
会,WFCU
伙,WOY
傯,WTLN
储,WYFJ
伞,WUHJ
傫,WLXI
傴,WAKK
債,WGMY
傶,WDHT
傷,WTJR
傰,|||||
傲,WGQT
傳,|||||
伋,WEYY
伊,WVTT
傾,WXDM
傿,WGHO
伏,WDY
伎,WFCY
傺,WWFI
傻,WTLT
湣,INAJ
湦,IJTG
湧,ICEL
湫,ITOY
湮,ISFG
洳,IVKG
湳,IFMF
湴,IUOG
赝,DWWM
醐,SGDE
湾,IYOX
湿,IJOG
醑,SGNE
湃,IRDF
保,WKSY
湄,INHG
湋,INHH
湉,INTD
湎,IDMD
湌,IWYE
湍,|||||
湓,IWVL
湖,IDEG
湔,IUEJ
湛,IADN
湘,ISHG
湞,IHMY
湟,IRGG
纮,XDCY
纯,XGBN
纬,XFNH
纭,XFCY
纪,XNN
纫,XVYY
纨,XVYY
纩,XYT
约,XQYY
级,XEYY
纤,XTFH
纥,XTNN
红,XAG
纣,XFY
纠,XNHH
纡,XGFH
纾,XCBH
线,XGT
纽,XNFG
纺,XYN
纸,XQAN
纹,XYY
纶,XWXN
纷,XWVN
纵,XWWY
纲,XMQY
纳,XMWY
纰,XXXN
纱,XITT
纏,XYJF
續,XFLM
纍,LLLI
纊,|||||
纈,XFKM
醅,SGUK
纂,THDI
洣,IOY
纜,XAHQ
纝,XLLI
纛,GXFI
纘,XTFM
纓,XMMV
鱝,QOFM
暹,JWYP
暸,JDUI
鱘,QOVF
鱚,QOFK
鱔,QOUK
暱,JAAK
鱖,QODW
鱑,QOAW
鱓,QOKF
鱒,QOUF
暫,LRJF
醌,SGJX
鱏,QOSJ
暨,VCAG
鱉,|||||
暮,AJDJ
鱅,QOYH
暢,JHJR
鱇,QOYI
暧,JEPC
鱼,QGF
鱿,QGDN
暘,JJGR
鱸,QOHL
暝,JPJU
梢,SIEG
鱵,QOTT
鱷,QOGK
暐,JNHH
暗,JUJG
暖,JEFC
暕,JGLI
鱭,QOYF
暉,JPLH
暈,JPLJ
暎,JAMD
暌,JWGD
鱤,QODN
暁,JFAQ
洮,IIQN
暇,JNHC
鱠,QOWJ
鱣,QOYG
暄,JPGG
鏰,QMEE
蘪,AYNO
蘸,ASGO
蘽,ALLS
彷,TYN
影,JYIE
彰,UJET
彳,TTTH
彼,THCY
役,TMCY
彻,TAVN
彤,|||||
彧,AKGE
彦,UTER
彡,ETTT
形,GAET
彭,FKUE
彬,SSET
彩,ESET
彪,HAME
录,VIU
彗,DHDV
彖,XEU
当,IVF
归,JVG
棠,IPKS
彜,XGOA
蘄,AKKR
彘,XGXX
彀,FPGC
彌,XGWQ
鉀,QLH
彎,XYXX
彈,XKKF
彊,XGLG
灤,IXYS
鄺,YAMB
貝,MHNY
貞,HMU
貘,EEAD
貛,EEAY
貕,EEED
貔,EETX
貓,EEAL
貒,EEMJ
貍,|||||
貌,EERQ
貉,EETK
貊,EEDJ
貅,EEWS
貂,EEVK
貽,MCKG
貼,MHKG
貿,QYVM
貸,WAMU
鬦,HGGF
貺,MKQN
貴,|||||
買,|||||
龋,HWBY
貳,AFMI
貲,HXMU
責,GMU
貯,MPSH
販,MRCY
貨,WXMU
貫,|||||
貪,WYNM
鄹,BCTB
貧,WVMU
財,MFTT
負,|||||
貢,AMU
龜,TMGG
龟,QJNB
龛,WGKX
龐,YUED
癇,UUED
癆,UOOL
癅,UGAL
癄,|||||
癃,UBTG
療,UDUI
霰,FAET
癀,UAMW
霾,FEEF
癍,UGYG
癌,UKKM
癊,UBWC
霸,FAFE
霹,FNKU
癖,UNKU
霤,|||||
癔,UUJN
癓,UTMT
癒,UWGN
霡,FEYI
癟,UTHA
癞,UGKM
霭,FYJN
霪,FIEF
癘,UAJY
癧,UDTH
癥,UTMT
癤,UTVB
癣,UQGD
癢,UUDE
癡,UXTH
霑,FIHK
癯,UHHY
癮,UBEN
霜,FSHF
癬,UQOD
癫,UFHM
癩,UGKM
霆,FTFP
震,FDFE
霄,FIEF
霅,FYF
癲,UFHM
癱,UAKY
霁,FYJJ
霎,FUVF
百,DJF
白,RRRR
霍,FWYF
登,WGKU
霈,FIGH
霉,FTXU
侵,WVPC
倏,WHTD
倌,WPNN
倍,WUKG
個,WLDG
倉,WYVK
倆,|||||
龠,WGKA
便,WGJQ
尉,NFIF
倀,WDEY
倞,WYIY
借,WAJG
侧,WMJH
侦,WHMY
倚,WDSK
侠,WGUW
侣,WKKG
候,WHND
侬,WPEY
侯,WNTD
侮,WTXU
倒,WGCJ
侨,WTDJ
們,WUG
倮,WJSY
侔,WCRH
侗,WMGK
倭,WTVG
侑,WDEG
倫,WWGA
倨,WNDG
倩,WGEG
倦,WUDB
倥,WPWA
侘,WPTA
供,WAWY
倡,WJJG
侅,WYNW
侄,WGCF
值,WFHG
來,SWWI
侁,WTFQ
倸,WESY
侍,WFFY
倴,WDFA
侉,WDFN
侈,WQQY
例,|||||
濤,IFNF
濠,IYPE
濡,IFDJ
濬,IHPH
濮,IWOY
濯,INWY
濫,IAHL
濶,IUTD
濰,IXWY
濱,IPGM
濼,IXRS
濺,|||||
濄,IMNP
濇,IFWK
激,IRYT
濁,ILQJ
濂,IYUO
濃,IMAE
濉,IHWY
濕,|||||
濑,IGKM
濒,IHIM
尷,|||||
濞,ITHJ
濟,IYVF
濘,IPNS
塬,FDRI
腹,ETJT
倜,|||||
风,MQI
腫,ETGF
飆,DDDJ
愴,NWYK
蟶,JBKG
蟷,JIPL
蟲,JJJU
蟾,|||||
乾,FJTN
蟹,QEVJ
蟦,JFAM
蟥,JAMW
蟣,JXXT
蟠,JTOL
蟮,JUDK
蟯,JFFQ
蟬,JKKF
蟪,JGJN
蟕,JHXE
蟒,JADA
蟓,JQJE
蟑,JUJH
蟟,JDUI
蟛,JFKE
蟆,JAJD
蟇,AJDJ
蟄,FUFJ
蟅,JYAO
愿,DRIN
蟀,JYXF
蟎,JAMY
蟊,CBTJ
蟋,JTON
蟈,JLAG
飫,WYVD
愀,NTOY
乳,EBNN
愈,WGEN
乩,HKNN
愍,NATN
氟,RNXJ
坏,FGIY
鄞,AKGB
坴,FWFF
坷,FSKG
也,BNHN
盾,RFHD
愛,EPNT
氘,RNJJ
坿,FWFY
礱,UEGD
礴,DAIF
氛,RNWV
示,FIU
礼,PYNN
礽,PYEN
社,PYFG
礿,PYQY
礤,DAWI
乒,|||||
礦,DYAW
礧,DLLL
礪,DDAY
乓,RGYU
礬,SQQD
礓,DGLG
乍,THFD
礙,DXTH
礜,WFGD
礞,DAPE
礁,DWYO
坦,FJGG
礄,DTDK
礅,DYBT
坡,FHCY
礎,DSSH
义,YQI
鷦,WYOO
鷥,XXIO
显,JOGF
昺,JGMW
昵,JNXN
昴,JQTB
坢,FUFH
昱,JUF
鷪,HHPO
鷩,UMIO
昭,JVKG
昬,NAJF
是,JGHU
鷴,USWO
鷳,UEWO
鷲,YIDO
昪,JCAJ
春,DWJF
昧,JFIY
鷼,UJWO
鷺,KHTO
鷸,CBTO
昝,THJF
星,|||||
昙,JFCU
鷂,ERMO
鷀,UXXO
昕,JRH
昔,AJF
易,JQRR
鷗,AKKO
昌,JJF
昏,QAJF
明,JEG
鷓,YAOO
乂,QTY
昊,JGDU
昇,JTAJ
昆,JXXB
鷚,NWEO
昃,JDWU
昂,JQBJ
齙,HWWN
氦,RNYW
钸,QDMH
钹,QDCY
钺,QANT
益,UWLF
钼,QHG
钽,QJGG
钾,QLH
盎,MDLF
钰,QGYY
钱,QGT
钲,QGHG
盂,GFLF
盅,KHLF
钵,QSGG
钶,QSKG
盆,WVLF
钩,QQCY
钪,QYMN
钫,QYN
钬,QOY
钭,QUFH
钮,QNFG
钯,QCN
监,JTYL
钡,QMY
钢,QMQY
钣,QRCY
钤,QWYN
钥,QEG
钦,QQWY
钧,QQUG
钘,QGAH
钙,QGHN
盫,|||||
钛,QDYY
钜,QANG
钝,QGBN
盯,HSH
目,HHHH
钐,QET
監,AHNL
钓,QQYY
盥,QGIL
盤,TEML
盧,HALL
钗,QCYY
针,QFH
相,SHG
钊,QJH
钋,QHY
钌,QBH
盼,HWVN
钎,QTFH
钏,QKH
盱,HGFH
盲,YNHF
直,FHF
钆,QNN
鐗,QUEG
趿,KHEY
足,KHU
鐙,|||||
廿,AGHG
廼,SPD
建,VFHP
廷,TFPD
延,THPD
廵,VPV
廳,YBGN
鐠,QUOJ
廬,YHAL
廪,YYLI
廨,YQEH
廧,YFWK
廣,YAMW
廢,YWXC
廡,YRLO
廠,YIMT
廟,YFJE
廛,YJFF
廚,YFKF
廙,YLAW
廖,YNWE
廓,YYBB
廒,YGQT
廑,YAKG
氯,RNVI
廏,YRXC
廊,YYVB
廉,YUVO
廄,YVCC
廁,|||||
駿,CCWT
氮,RNOO
趙,FHIE
鄏,DFEB
趑,FHUW
鸭,LQYG
趕,FHJF
趔,FHGJ
货,WXMU
账,MTAY
败,MTY
贤,JCMU
责,GMU
氪,RNDQ
贡,AMU
贯,XFMU
贮,MPGG
购,|||||
贬,MTPY
贫,WVMU
贪,WYNM
贩,MRCY
质,RFMI
贷,WAMU
贶,MKQN
贵,KHGM
贴,MHKG
贲,FAMU
贱,MGT
贰,AFMI
贿,MDEG
贾,SMU
贽,RVYM
贼,MADT
贻,MCKG
贺,LKMU
费,XJMU
贸,QYVM
贅,GQTM
贄,FUFM
贏,YNKY
贍,MQDY
贋,DWWM
贊,|||||
贈,MULJ
贖,MFLM
贐,MVHL
负,QMU
贞,HMU
贝,MHNY
贜,MADT
贛,UJTM
葸,ALNU
葺,AKBF
葽,ASVF
電,FJNB
葰,AWCT
葱,AQRN
葳,ADGT
葵,AWGD
葶,AYPS
葷,APLJ
葩,ARCB
葪,AQEJ
葫,ADEF
葬,AGQA
葭,ANHC
葡,AQGY
董,ATGF
葤,AXFU
葦,ANHH
葧,AFPL
葙,ASHF
葚,AADN
葛,AJQN
葜,ADHD
葑,AFFF
葒,AXAF
葖,APWD
著,|||||
葈,ACKS
葉,AANS
葍,AGKL
葎,ATVH
葃,AJTF
葅,AWWG
葆,AWKS
訸,YTY
举,IWFH
丽,|||||
垓,FYNW
主,YGD
为,YLYI
丹,MYD
丸,VYI
丶,YYLL
垚,FFFF
垛,FMSY
垜,FESY
串,KKHK
垞,FPTA
丰,DHK
中,KHK
垃,FUG
垄,DXFF
个,WHJ
垆,FHNT
垇,FMMG
丧,FUEU
並,UOGF
严,GODR
型,GAJF
雾,FTLB
丢,TFCU
丞,BIGF
垲,FMNN
东,|||||
丛,WWGF
业,OGD
丙,GMWI
丘,RGD
垸,FPFQ
世,ANV
丕,GIGF
且,|||||
专,FNYI
丑,NFD
丐,GHNV
垠,FVEY
与,GNGD
垢,|||||
垣,FGJG
下,GHI
上,HHGG
三,DGGG
丈,DYI
万,DNV
垩,GOGF
垫,RVYF
七,AGN
垭,FGOG
垮,FDFN
一,GGLL
潮,IFJE
潯,IVAF
潭,ISJH
潦,IDUI
潤,IUGG
潢,IAMW
潿,ILNH
潼,IUJF
潺,INBB
潸,ISSE
潴,IQTJ
潲,ITIE
潰,IKHM
潍,IXWY
潋,IWGT
潆,IAPI
潇,IAVJ
潄,IGKT
氾,IBN
潞,IKHK
潟,IVQO
潜,IFWJ
潚,IVHH
潛,IAQJ
潘,ITOL
潙,|||||
潔,IDHI
潑,IWXC
禺,JMHY
离,YBMC
禹,TKMY
禾,TTTT
禽,WYBC
禳,PYYE
禰,PYGQ
禱,PYFF
禪,PYKF
禮,PYMU
禠,PYRM
禡,PYCY
禧,PYFK
禥,PYAF
禚,PYUO
禕,PYNH
禊,PYDD
禎,PYHM
福,PYGL
禍,PYMK
禀,YLKI
禁,SSFI
禄,PYVI
禅,PYUF
鵪,DJNO
鵬,EEWO
鵯,RTFO
鵡,GAHO
鵠,|||||
雀,IWYF
镌,QWYE
鵽,CCCO
鵰,MFKO
鵲,AJWO
鵏,GEHO
鵂,|||||
鵝,TRNO
鵜,UXHO
鵞,TRNO
鵑,KEWO
鵓,FPBO
鵒,WWKO
鵕,CWTO
铃,QWYC
璩,GHAE
叮,KSH
枇,SXXN
构,SQCY
极,SEYY
枏,SMFG
枋,SYN
枊,SQBH
枉,SGG
林,SSY
枕,SPQN
析,SRH
枞,SWWY
枝,SFCY
果,JSI
枚,STY
枘,SMWY
枧,SMQN
枥,SDLN
枣,GMIU
枢,SAQY
璇,GYTH
枯,SDG
枭,QYNS
枫,SMQY
枪,SWBN
枨,STAY
枷,SLKG
架,LKSU
枵,SKGN
枳,SKWY
枱,SCKG
枰,SGUH
枹,SQNN
枸,SQKG
趨,FHQT
又,CCCC
鐇,QTOL
鐊,QBJR
鐋,QIJR
趣,FHBC
鐉,QNNW
鐎,QWYO
鐏,QUSF
鐍,QCBK
鐒,QOOL
趸,DNKH
鐐,QDUI
趺,KHFW
趼,KHGA
鐔,QSJH
趾,KHHG
趱,FHTM
鐘,QUJF
趲,FHTM
趵,KHQY
趴,KHWY
鐝,QDUW
趋,FHQV
越,FHAT
鐦,QUGA
鐧,QUJG
趁,FHWE
鐫,QWYM
鐨,QXJM
趂,FHQI
鐮,QYUO
趄,FHEG
鐲,QLQJ
鐳,QFLG
趟,FHIK
鐵,QFAG
鐺,QIPL
鐸,QLFF
鐾,NKUQ
鐿,QUJN
镟,QYTH
幃,MHNH
幂,PJDH
幅,MHGL
幄,MHNF
幌,MHJQ
幕,AJDH
幔,MHJC
幗,MHLG
幖,MHSI
幙,MHAD
幘,MHGM
幛,MHUJ
幟,MHUJ
幞,MHOY
幡,|||||
幣,UMIH
幢,MHUF
幨,MHQY
幫,FFFH
幬,MHFF
幮,MHYF
平,GUHK
干,FGGH
幵,FTFH
年,RHFK
幷,TFTF
并,UAJ
幹,|||||
幸,FUFJ
幻,XNN
幺,XNNY
幽,XXMK
幼,XLN
广,YYGT
煒,ONHH
煑,FTJO
煗,ODMD
煖,OEFC
煕,AHHO
煙,OSFG
煞,QVTO
汨,IJG
煜,OJUG
煇,OPLH
煅,OWDC
煊,OPGG
煉,|||||
珢,GVEY
煏,OGKL
煎,|||||
煌,ORGG
煳,ODEG
煲,WKSO
煺,OVEP
煸,OYNA
煽,OYNN
煢,OOPF
煠,OANS
照,JVKO
煦,JQKO
煤,OAFS
煩,|||||
煨,OLGE
煮,FTJO
煬,OJGR
